Unnamed: 0,Unnamed: 1,Unnamed: 2,Unnamed: 3,Unnamed: 4,Unnamed: 5,Unnamed: 6,Unnamed: 7,Unnamed: 8,Unnamed: 9,วันและเวลา ที่ให้คำปรึกษาแนะนำ,วิธีขอรับคำปรึกษา,สถานะของผู้ขอคำปรึกษา,อาชีพ,ภูมิลำเนา (จังหวัดอื่นโปรดระบุช่องอื่นๆ),ประเภทของคดีที่ให้คำปรึกษา,"คดี
ตามมาตรา",ประเด็นที่ขอคำปรึกษา (เลือกได้หลายช่อง),ข้อเท็จจริง/ประเด็นที่ขอคำปรึกษาแนะนำ ,ผลการให้คำปรึกษาแนะนำ
วันและเวลา,วิธีขอรับคำปรึกษา,สถานะของผู้ขอ,อาชีพ,ภูมิลำเนา ,ประเภทของคดี,คดีตามมาตรา,ประเด็นที่ขอ,ข้อเท็จจริง/ประเด็นที่ขอคำปรึกษาแนะนำ,ผลการให้คำปรึกษาแนะนำ,,,,,,,,,,
ที่ให้คำปรึกษา,,คำปรึกษา,,(จังหวัดอื่น,ที่ให้คำปรึกษา,,คำปรึกษา,,,,,,,,,,,,
แนะนำ,,,,โปรดระบุ),,,(เลือกได้หลายข้อ),,,,,,,,,,,,
2024-11-04 00:00:00,โทร.021410123,บุคคลทั่วไป,,,,,ขั้นตอนปฏิบัติ/,สอบถามความคืบหน้าเกี่ยวกับการยื่นคำขอ,แจ้งคู่กรณีให้ยื่นคำขอต่อศาลปกครอง,,,,,,,,,,
,โทร.021411075,,,,,,การใช้งาน,หนังสือรับรองคดีถึงที่สุดของศาลปกครอง,ชั้นต้นแทน,,,,,,,,,,
,,,,,,,,ชั้นต้น โดยคู่กรณีได้ยื่นทางระบบ,,,,,,,,,,,
,,,,,,,,อิเล็กทรอนิกส์ของศาลปกครองสูงสุด,,,,,,,,,,,
,โทร.021410123,บุคคลทั่วไป,,,,,ขั้นตอนปฏิบัติ/,ได้รับเอกสารการยื่นอุทธรณ์ในระบบ,เช็คเลขคดีในระบบอิเล็กทรอนิกส์ และ,,,,,,,,,,
,โทร.021411075,,,,,,การใช้งาน,อิเล็กทรอนิกส์หรือไม่,ตรวจดูเอกสารพบว่ามีเอกสารยื่นเข้ามา,,,,,,,,,,
,,,,,,,,,ครบถ้วน,,,,,,,,,,
2024-11-10 00:00:00,โทร.021410123,,,,,,ทางเทคนิค,ลงทะเบียนและยื่นคำตอบรับเข้าระบบ,ยื่นคำขอตรวจสำนวนคดีผ่านระบบ,,,,,,,,,,
,โทร.021411075,,,,,,,แต่ไม่เห็นหมาย/เอกสารในคดี ที่ส่งก่อน,ต่อศาล,,,,,,,,,,
,,,,,,,,จะเข้าระบบงานคดีปกครอง,,,,,,,,,,,
,,บุคคลทั่วไป,,,,,ขั้นตอนปฏิบัติ/,อยากได้ไฟล์คำพิพากษาศาลปกครองสูงสุด,คำพิพากษาศาลปกครองจะขอคัดถ่าย,,,,,,,,,,
,,,,,,,การใช้งาน,,หรือสำเนาได้เมื่อศาลได้อ่านคำพิพากษา,,,,,,,,,,
,,,,,,,,,แล้วเท่านั้น โดยสามารถขอไฟล์คำพิพากษา,,,,,,,,,,
,,,,,,,,,"ได้ที่ Apprication ""Admincourt ",,,,,,,,,,
,,,,,,,,,"ศาลปกครอง""",,,,,,,,,,
,,บุคคลทั่วไป,,,,,ขั้นตอนปฏิบัติ/,ได้ตอบรับการใช้ระบบงานคดีปกครอง,ศาลจะมีหมายถึงทางอิเล็กทรอนิกส์และ,,,,,,,,,,
,,,,,,,การใช้งาน,อิเล็กทรอนิกส์แล้วครั้งต่อไปจะมีเอกสาร,ในกรณีผู้รับมอบผู้ถูกฟ้องคดียื่นเอกสาร,,,,,,,,,,
,,,,,,,,ส่งไปทางอิเล็กทรอนิกส์เลยใช่หรือไม่,เข้ามาก็ยื่นทางระบบอิเล็กทรอนิกส์ได้,,,,,,,,,,
,,บุคคลทั่วไป,,,,,,ยื่นคำอุทธรณ์แต่มีข้อความหลายหน้าจึงได้,กรณีนี้ต้องไปดึงเอกสารประกอบ,,,,,,,,,,
,,,,,,,,ยื่นคำอุทธรณ์และเอกสารประกอบเพิ่ม,คำอุทธรณ์ที่อยู่ในไฟล์คำขอ ดึงข้อมูล,,,,,,,,,,
,,,,,,,,แต่เข้าไปอยู่ในส่วนของคำขอ ทำให้,มาปริ้นท์เพิ่ม,,,,,,,,,,
,,,,,,,,คำอุทธรณ์และเอกสารประกอบคำอุทธรณ์,,,,,,,,,,,
,,,,,,,,มาไม่ครบ,,,,,,,,,,,
2024-11-20 00:00:00,,บุคคลทั่วไป,,,,,ขั้นตอนปฏิบัติ/,ประสงค์จะขอคัดถ่ายคำแก้อุทธรณ์ ,เนื่องจากท่านตุลาการยังไม่มีคำสั่งรับใน ,,,,,,,,,,
,,,,,,,การใช้งาน,ของผู้ถูกฟ้องคดี (คู่กรณีในอุทธรณ์),คำแก้อุทธรณ์ อยู่ในระหว่างรอคำสั่ง,,,,,,,,,,
,,,,,,,,,ท่านตุลาการ จึงยังไม่สามารถขอคัดถ่าย,,,,,,,,,,
,,,,,,,,,ได้ (ถ้าท่านสั่งรับคำแก้อุทธรณ์แล้ว ,,,,,,,,,,
,,,,,,,,,จะทำการออกหมายแจ้งผู้ฟ้องคดี ,,,,,,,,,,
,,,,,,,,,(ผู้อุทธรณ์) ตามขั้นตอนของศาลต่อไป,,,,,,,,,,
,,บุคคลทั่วไป,,,,,ขั้นตอนปฏิบัติ/,แจ้งว่ามี เมล์แจ้งเตือนว่ามีเอกสารเข้า ,ติดต่อเทคโนว่าเกิดจากข้อผิดพลาด,,,,,,,,,,
,,,,,,,การใช้งาน,แต่พอเข้าไปเช็คในระบบคดี ไม่พบว่า,จากระบบ,,,,,,,,,,
,,,,,,,,มีเอกสารดังกล่าวเข้ามา (หมาย. ต.10.5),,,,,,,,,,,
,,บุคคลทั่วไป,,,,,ขั้นตอนปฏิบัติ/,ผู้ขอคำปรึกษาแจ้งว่ามี Sms แจ้งว่ามีเอกสาร,ตรวจสอบแล้ว พบว่าไฟล์หมดอายุ,,,,,,,,,,
,,,,,,,การใช้งาน,เข้าแต่ไม่สามารถเปิดดูไฟล์ได้,ไม่สามารถเปิดดูได้ ,,,,,,,,,,
2024-12-09 00:00:00,,บุคคลทั่วไป,,,,,ขั้นตอนปฏิบัติ/,ผู้ฟ้องคดีประสงค์จะยื่นขอคัดถ่าย  คำร้อง,ประสานรับฟ้องเรื่องการออกเลขคดี,,,,,,,,,,
,,,,,,,การใช้งาน,อุทธรณ์แต่ยังไม่ทราบเลขคดีของศาลสูง,และรับฟ้องได้ออกเลขคดีเป็นเลขคดี,,,,,,,,,,
,,,,,,,,เนื่องจากศาลกลางพึ่งส่งสำนวนมาที่ศาลสูง,"คร.143-1454/67 , คร.1455-1456/67 ",,,,,,,,,,
,,,,,,,,ซึ่งยังไม่มีการออกเลขคดี,แจ้งผู้ฟ้องคดีทราบ,,,,,,,,,,
2024-12-16 00:00:00,,บุคคลทั่วไป,,,,,ขั้นตอนปฏิบัติ/,ผู้รับมอบอำนาจผู้ถูกฟ้องคดีได้รับหนังสือ,แจ้งว่าศาลจะส่งหมาย ทางระบบ e,,,,,,,,,,
,,,,,,,การใช้งาน,สอบถามความประสงค์การใช้ระบบ,"ให้ผู้รับมอบอำนาจผู้ถูกฟ้องคดีที่ 2, 3 ",,,,,,,,,,
,,,,,,,,อิเล็กทรอนิกส์ และได้ตอบรับการใช้ระบบ,ทราบ,,,,,,,,,,
,,,,,,,,อิเล็กทรอนิกส์ เรียบร้อยแล้ว อยากทราบว่า,,,,,,,,,,,
,,,,,,,,ในการส่งหมายครั้งต่อไป ศาลจะส่งหมาย,,,,,,,,,,,
,,,,,,,,ทางอิเล็กทรอนิกส์ ให้ผู้รับมอบอำนาจ,,,,,,,,,,,
,,,,,,,,ผู้ถูกฟ้องคดีทราบใช่หรือไหม,,,,,,,,,,,
2024-12-18 00:00:00,,บุคคลทั่วไป,,,,,ขั้นตอนปฏิบัติ/,ผู้รับมอบอำนาจผู้ถูกฟ้องคดีแจ้งว่า,โทรแจ้งให้ผู้รับมอบอำนาจผู้ถูกฟ้องคดี ,,,,,,,,,,
,,,,,,,การใช้งาน,ศาลปกครองสูงสุดได้ส่งหมาย ต.10.3 ,เขียนคำร้องในระบบอิเล็กทรอนิกส์,,,,,,,,,,
,,,,,,,,ให้ผู้รับมอบอำนาจผู้ถูกฟ้องคดียื่นเอกสาร,ขอตรวจดูสำนวน โดยขอเปิดสิทธิ์การ,,,,,,,,,,
,,,,,,,,ประกอบคำอุทธรณ์ที่กล่าวอ้างในคำอุทธรณ์,เข้าถึงระบบอิเล็กทรอนิกส์พื่อที่จะ,,,,,,,,,,
,,,,,,,, ผู้รับมอบอำนาจผู้ถูกฟ้องคดี จึงเข้าระบบ,สามารถตรวจดูสำนวนได้,,,,,,,,,,
,,,,,,,,อิเล็กทรอนิกส์ ซึ่งผู้รับมอบอำนาจ,,,,,,,,,,,
,,,,,,,,ผู้ถูกฟ้องคดีได้ตอบรับการใช้ระบบ,,,,,,,,,,,
,,,,,,,,อิเล็กทรอนิกส์ เมื่อวันที่ 11 ก.ย. 67 ,,,,,,,,,,,
,,,,,,,,แต่ไม่สามารถดูคำอุทธรณ์ที่ยื่น เมื่อวันที่ ,,,,,,,,,,,
,,,,,,,,17 ต.ค. 67 ได้,,,,,,,,,,,
2024-12-18 00:00:00,,บุคคลทั่วไป,,,,,ขั้นตอนปฏิบัติ/,คู่กรณีในอุทธรณ์ลงทะเบียนใช้ระบบ,ติดต่อ สวส.ให้ดำเนินการเชื่อมต่อข้อมูล,,,,,,,,,,
,,,,,,,การใช้งาน,อิเล็กทรอนิกส์ในศาลชั้นต้น แต่ไม่เชื่อมต่อ,ให้สามารถส่งหมายทางอิเล็กทรอนิกส์ได้ ,,,,,,,,,,
,,,,,,,,ในชั้นอุทธรณ์ทำให้ส่งหมายทางระบบไม่ได้,เนื่องจากการแก้ไขระบบยังไม่สมบูรณ์,,,,,,,,,,
,,,,,,,,,ทั้งหมดเมื่อเกิดกรณีดังกล่าวให้โทรแจ้ง,,,,,,,,,,
,,,,,,,,,สวส. เป็นรายไป,,,,,,,,,,
2024-12-24 00:00:00,,บุคคลทั่วไป,,,,,ขั้นตอนปฏิบัติ/,"ผู้รับมอบอำนาจผู้ถูกฟ้องคดี ที่ 1,3,4 จะยื่น",เช็คข้อมูลในระบบอิเล็กทรอนิกส์พบว่า,,,,,,,,,,
,,,,,,,การใช้งาน,คำแก้อุทธรณ์ในระบบแต่ปรากฏว่าในระบบ,"ในศาลปกครองสูงสุด จะเรียงลำดับ1,2,3  ",,,,,,,,,,
,,,,,,,,อิเล็กทรอนิกส์ ของศาลปกครองสูงสุด ไม่มี,คือชื่อคู่กรณีในอุทธรณ์ และตามด้วย,,,,,,,,,,
,,,,,,,,"ให้เลือกผู้ถูกฟ้องคดีที่ 1,3,4 แต่มีชื่อคู่กรณี","สถานะเดิม คือ ผู้ถูกฟ้องคดีที่ 1,3,4 ",,,,,,,,,,
,,,,,,,,"ในอุทธรณ์ลำดับที่ 1,2,3 ซึ่งไม่แน่ใจว่า",(ในศาลปกครองชั้นต้น) ซึ่งถ้าผรม.,,,,,,,,,,
,,,,,,,,ถูกต้องหรือไม่,"ที่ 1,3,4 จะยื่นคำแก้อุทธรณ์ ก็สามารถ",,,,,,,,,,
,,,,,,,,,คลิกเลือก ชื่อคู่กรณีในอุทธรณ์ ,,,,,,,,,,
,,,,,,,,,"ลำดับที่ 1,2,3  ได้เลย",,,,,,,,,,
2024-12-25 00:00:00,,บุคคลทั่วไป,,,,,ขั้นตอนปฏิบัติ/,ผู้รับมอบอำนาจผู้ถูกฟ้องคดีแจ้งว่าได้รับ,ประสานกับทางกลุ่มออกหมายปรากฏว่า,,,,,,,,,,
,,,,,,,การใช้งาน,ข้อความแจ้งจากศาลว่ามีหมายเข้ามา,ในขั้นตอนการกดนำส่งหมายแล้วนั้น ,,,,,,,,,,
,,,,,,,,ในระบบอิเล็กทรอนิกส์ แต่ปรากฏว่าเปิด,จนท. พบว่ามีชื่อคู่กรณีผิดจึงได้ทำการ,,,,,,,,,,
,,,,,,,,เข้าไปดูในระบบไม่พบว่ามีหมายตามที่,ยกเลิกการส่งหมาย และได้เสนอหมาย,,,,,,,,,,
,,,,,,,,ศาลแจ้ง,ให้ท่านลงนามใหม่ และได้กดนำส่งหมาย,,,,,,,,,,
,,,,,,,,,อีกครั้ง ให้คู่กรณีทราบ,,,,,,,,,,
,,บุคคลทั่วไป,,,,,ขั้นตอนปฏิบัติ/,ผู้รับมอบอำนาจผู้ถูกฟ้องคดีแจ้งว่า ได้รับ,ตรวจสอบแล้วพบว่าระบบ ADM Case ,,,,,,,,,,
,,,,,,,การใช้งาน,หมาย ต.3 จากศาลแต่ไม่พบเอกสารแนบ,ของศาลขัดข้อง และได้โทรแจ้งให้,,,,,,,,,,
,,,,,,,,,ผู้รับมอบอำนาจผู้ถูกฟ้องคดี ทราบ ,,,,,,,,,,
2025-01-01 00:00:00,,บุคคลทั่วไป,,,,,ขั้นตอนปฏิบัติ/,สอบถามการนับระยะเวลาครบกำหนดในการ,หมายแจ้งถือว่าได้รับตั้งแต่ส่งผ่านระบบ,,,,,,,,,,
,,,,,,,การใช้งาน,ดำเนินการตามคำสั่งศาล และสอบถามการยื่น,และกรณีไม่มีพยานหลักฐานตามที่ศาล,,,,,,,,,,
,,,,,,,,พยานหลักฐานตามคำสั่งศาล,มีหมายเรียกให้ทำคำร้องชี้แจงต่อศาล,,,,,,,,,,
2025-01-01 00:00:00,,บุคคลทั่วไป,,,,,ขั้นตอนปฏิบัติ/,1.การยื่นขอขยายระยะเวลาผ่านทางระบบ,1. เช็คเอกสารที่คู่กรณีส่งผ่านระบบ,,,,,,,,,,
,,,,,,,การใช้งาน,ได้รับหรือไม่ เนื่องจากคู่กรณีไม่ได้กดตอบรับ,1.1 ได้รับเอกสารเรียบร้อยแล้ว และ,,,,,,,,,,
,,,,,,,,การเข้าระบบ,การยื่นคำขอขยายระยะเวลาเข้ามา ถือว่า,,,,,,,,,,
,,,,,,,,,เป็นการตอบการรับใช้ระบบงาน,,,,,,,,,,
,,,,,,,,, อิเล็กทรอนิกส์อัตโนมัติโดยไม่ต้องกด,,,,,,,,,,
,,,,,,,,,ตอบรับการเข้าระบบอีกรอบ,,,,,,,,,,
,,,,,,,,,1.2 เฉพาะคดี อ.2346/67 ไม่มีชื่อ,,,,,,,,,,
,,,,,,,,,ผู้รับมอบอำนาจ จึงประสานงาน ,,,,,,,,,,
,,,,,,,,,จนท.รับฟ้องดึงข้อมูลจากศาลต้นอีกครั้ง,,,,,,,,,,
,,,,,,,,,และเช็คการได้รับคำขอกับพนักงานคดี,,,,,,,,,,
,,,,,,,,,ทั้ง 3 คดีว่าได้รับทราบแล้วหรือไม่,,,,,,,,,,
,,,,,,,,2.หากศาลมีคำสั่งสามารถทราบคำสั่ง ,2. ตอบข้อซักถามกรณีมีหมายส่งไปจะมี,,,,,,,,,,
,,,,,,,,และดูเอกสารได้อย่างไร,ข้อความแจ้งเตือนผ่านมือถือที่ให้ไว้ต่อ,,,,,,,,,,
,,,,,,,,,ศาลว่ามีหมายหรือเอกสารส่งไป แล้ว,,,,,,,,,,
,,,,,,,,,สามารถเข้าไปในระบบเปิดดูเอกสาร,,,,,,,,,,
,,,,,,,,,ได้เลย,,,,,,,,,,
2025-01-06 00:00:00,,บุคคลทั่วไป,,,,,ขั้นตอนปฏิบัติ/,แจ้งว่าได้รับหมาย ต. 5 แต่ไม่สามารถ,ประสานเทคโนให้ดูระบบให้ซึ่งปรากฏ,,,,,,,,,,
,,,,,,,การใช้งาน,เปิดไฟล์เอกสารแนบ (PDF) ได้,เอกสารและสามารถเปิดไฟล์ (PDF) ได้ ,,,,,,,,,,
,,,,,,,,,จึงแจ้งให้คุณนพดล ลองออกจากระบบ,,,,,,,,,,
,,,,,,,,,และเข้าระบบใหม่ก็สามารถเปิดไฟล์ ,,,,,,,,,,
,,,,,,,,,(PDF) ได้ (สาเหตุน่าจะเกิดจากเน็ตช้า),,,,,,,,,,
2025-01-08 00:00:00,,บุคคลทั่วไป,,,,,ขั้นตอนปฏิบัติ/,แจ้งว่าผู้รับมอบอำนาจช่วงฝ่ายผู้อุทธรณ์,ตรวจสอบในระบบคดีปกครองพบว่า ,,,,,,,,,,
,,,,,,,การใช้งาน, ได้ยื่นคำขอขยายระยะเวลายื่นคำแก้อุทธรณ์,ศาลได้มีหนังสือแจ้งคำสั่งศาล (ธ.22) ,,,,,,,,,,
,,,,,,,, เมื่อวันที่ 27 ธ.ค. 67 จึงอยากทราบว่า,ลว. 8 ม.ค. 68 เวลา 09.31 น. ,,,,,,,,,,
,,,,,,,,ศาลได้มีคำสั่งอนุญาตหรือไม่,ศาลอนุญาตให้ขยายระยะเวลายื่นคำแก้,,,,,,,,,,
,,,,,,,,,อุทธรณ์ตามที่ขอ,,,,,,,,,,
,,บุคคลทั่วไป,,,,,ขั้นตอนปฏิบัติ/,แจ้งว่าผู้รับมอบอำนาจช่วงฝ่ายผู้อุทธรณ์,ตรวจสอบในระบบคดีปกครองพบว่า,,,,,,,,,,
,,,,,,,การใช้งาน,ได้ยื่นคำขอขยายระยะเวลายื่นคำแก้อุทธรณ์,อยู่ระหว่างการพิจารณาของศาล,,,,,,,,,,
,,,,,,,,เมื่อวันที่ 27 ธ.ค. 67จึงอยากทราบว่าศาล,,,,,,,,,,,
,,,,,,,,ได้มีคำสั่งอนุญาตหรือไม่,,,,,,,,,,,
2025-01-14 00:00:00,,บุคคลทั่วไป,,,,,ขั้นตอนปฏิบัติ/,คู่กรณีไม่ได้รับเอกสารแนบ ธ.19 ,แจ้งเจ้าหน้าที่ออกหมายให้กดนำเข้า,,,,,,,,,,
,,,,,,,การใช้งาน,ในระบบ e-court,เอกสาร ,,,,,,,,,,
2025-01-17 00:00:00,,บุคคลทั่วไป,,,,,ขั้นตอนปฏิบัติ/,สอบถามการอัปโหลดไฟล์ เนื่องจาก,แจ้งขั้นตอนการปฏิบัติ และแนะนำการ,,,,,,,,,,
,,,,,,,การใช้งาน,ส่งไม่ผ่าน,สแกนไฟล์เอกสารเพื่อความสะดวกให้แก่,,,,,,,,,,
,,,,,,,,,คู่กรณี,,,,,,,,,,
,,บุคคลทั่วไป,,,,,ขั้นตอนปฏิบัติ/,ผู้ฟ้องคดีได้ยื่นคำร้องอุทธรณ์คำสั่ง ลว. ,อยู่ในขั้นตอนการดำเนินกระบวน,,,,,,,,,,
,,,,,,,การใช้งาน,6 พ.ย. 67 อยากทราบความคืบหน้าว่า,พิจารณาคดีของศาล,,,,,,,,,,
,,,,,,,,ท่านมีคำสั่งอย่างไร,,,,,,,,,,,
,,บุคคลทั่วไป,,,,,ขั้นตอนปฏิบัติ/,ผู้ฟ้องคดี ได้ยื่นคำขอส่งเอกสารเพิ่มเติม,ตรวจสอบในระบบแล้วยังไม่พบเอกสาร,,,,,,,,,,
,,,,,,,การใช้งาน,ตามคำสั่งศาลในระบบคดี e จึงอยากทราบว่า,ตามที่แจ้งมา และได้แจ้งเทคโนให้,,,,,,,,,,
,,,,,,,,ศาลได้รับเอกสารที่ส่งมาหรือไม่, ตรวจสอบพบว่าผู้ฟ้องคดีเลือกหัวข้อ,,,,,,,,,,
,,,,,,,,,เอกสารไม่ครบ ทำให้การยื่นเอกสาร,,,,,,,,,,
,,,,,,,,,ไม่สำเร็จ เทคโนได้โทรแจ้งผู้ฟ้องคดี,,,,,,,,,,
,,,,,,,,,ให้ดำเนินการตามขั้นตอนอีกครั้ง ,,,,,,,,,,
,,บุคคลทั่วไป,,,,,ขั้นตอนปฏิบัติ/,ติดตามการยื่นคำร้องขอขยายระยะเวลา,แจ้ง พคป. เพื่อทราบและดำเนินการ,,,,,,,,,,
,,,,,,,การใช้งาน,,,,,,,,,,,,
2025-01-29 00:00:00,,ผู้รับมอบอำนาจ,,,,,,ได้ยื่นคำขอขยายระยะเวลาการยื่น,ตรวจสอบในระบบ พบว่าศาลได้มี,,,,,,,,,,
,,คู่กรณีในอุทธรณ์,,,,,,คำแก้อุทธรณ์ เมื่อวันที่ 13 ม.ค. 68 จึงอยาก,หมายแจ้ง ธ.22 ส่งทางระบบ,,,,,,,,,,
,,,,,,,,ทราบว่าศาลมีคำสั่งอย่างไร,ระบบอิเล็กทรอนิกส์ ถึง ผรม. ,,,,,,,,,,
,,,,,,,,,เมื่อวันที่ 20 ม.ค. 68 เวลา 14.25 น. ,,,,,,,,,,
,,,,,,,,,แจ้งผรม. ทราบ,,,,,,,,,,
2025-01-30 00:00:00,,ผู้รับมอบอำนาจ,,,,,,ผรม. ได้ยื่นคำขอขยายระยะเวลา,ตรวจสอบในระบบ พบว่าศาลยังไม่มี,,,,,,,,,,
,,คู่กรณีในอุทธรณ์,,,,,,การยื่นคำแก้อุทธรณ์ เมื่อวันที่ 20 ม.ค. 68,คำสั่ง จึงแจ้ง ผรม. ว่าอยู่ระหว่างท่านมี,,,,,,,,,,
,,,,,,,, จึงอยากทราบว่าศาลมีคำสั่งอย่างไร,คำสั่ง และแจ้งพคป. เพื่อทราบและ,,,,,,,,,,
,,,,,,,,,ดำเนินการต่อไป,,,,,,,,,,
,,ผู้รับมอบอำนาจ,,,,,,แจ้งว่าได้รับ mail แจ้งการส่งหมาย ต.5,อาจจะเกิดจากความไม่เสถียรของ,,,,,,,,,,
,,ผู้ถูกฟ้องคดี,,,,,,เมื่อเข้าระบบคดีเพื่อเปิดดูไฟล์เอกสาร,อินเตอร์เนตแนะนำให้กดรีเฟรช,,,,,,,,,,
,,,,,,,,ประกอบ ไม่สามารถเปิดดูได้, หรือออกระบบและลองเข้าใหม่,,,,,,,,,,
2025-01-31 00:00:00,,ผู้รับมอบอำนาจ,,,,,,คุณณัฐพัธ แจ้งว่า ได้ยื่นคำขอตอบรับการใช้,ตรวจสอบในระบบพบว่ารับฟ้องยังไม่ได้,,,,,,,,,,
,,ผู้ถูกฟ้องคดี,,,,,,ระบบงานคดีอิเล็กทรอนิกส์ และยื่นใบมอบ,เพิ่มข้อมูลผู้รับมอบอำนาจ จึงประสาน,,,,,,,,,,
,,,,,,,,อำนาจของคุณสรศักดิ์ และใบรับมอบอำนาจ,รับฟ้องเพื่อเพิ่มชื่อผู้รับมอบอำนาจ,,,,,,,,,,
,,,,,,,,ของคุณณัฐพัท ต่อศาล เมื่อวันที่ 13 ม.ค. 68 ,,,,,,,,,,,
,,,,,,,,จึงได้เข้าระบบอิเล็กทรอนิกส์เพื่อจะตรวจดู,,,,,,,,,,,
,,,,,,,,เอกสารในคดี ซึ่งระบบยังไม่เชื่อมต่อให้ดู,,,,,,,,,,,
,,,,,,,,เอกสารในคดีได้,,,,,,,,,,,
2025-02-06 00:00:00,,บุคคลทั่วไป,,,,,,ผู้ฟ้องคดีได้ยื่นคำขอตรวจสำนวน ลว. 6 ก.พ. ,คดีอยู่ในในขั้นตอนการตรวจรับ,,,,,,,,,,
,,,,,,,,68 อยากทราบว่าท่านมีคำสั่งอนุญาตหรือไม่,คำอุทธรณ์ของศาล เมื่อศาลมีคำสั่ง,,,,,,,,,,
,,,,,,,,,จะแจ้งผู้ฟ้องคดีเพื่อทราบ,,,,,,,,,,
,,บุคคลทั่วไป,,,,,,คุณสัมฤทธิ์ สอบถามวิธีการลงทะเบียนใช้,แนะนำการสมัครและลงทะเบียน,,,,,,,,,,
,,,,,,,,งานอิเล็กทรอนิกส์ในศาลปกครองสูงสุด,การเข้าใช้งานอิเล็กทรอนิกส์,,,,,,,,,,
,,บุคคลทั่วไป,,,,,,นายธีรเดช ยื่นคำขออื่นๆ (ขอขยายระยะเวลา,สอบถาม พคป. เจ้าของสำนวน ได้รับ,,,,,,,,,,
,,,,,,,,ยื่นคำให้การไปอีก 30 วัน) ลว. 30 ม.ค. 68,แจ้งว่าศาลมีคำสั่งอนุญาต และจะส่ง,,,,,,,,,,
,,,,,,,,อยากทราบว่าศาลมีคำสั่งอนุญาตหรือไม่,หมายแจ้งให้นายธีรเดช ทราบต่อไป ,,,,,,,,,,
,,,,,,,,,(โทรแจ้งทราบคำสั่งศาลเบื้องต้น),,,,,,,,,,
2025-02-14 00:00:00,,บุคคลทั่วไป,,,,,,คุณประกายรัตน์ ได้ยื่นคำขอขยายระยะเวลา,ตรวจสอบในระบบ พบว่าอยู่ในขั้นตอน,,,,,,,,,,
,,,,,,,,ทำคำแก้อุทธรณ์ ลว. 27 ม.ค. 68 ,พิจารณาของศาล จึงแจ้งพคป. เพื่อทราบ,,,,,,,,,,
,,,,,,,,อยากทราบว่า ศาลมีคำสั่งอนุญาตหรือไม่,และต่อมาศาลได้มีคำสั่งอนุญาตตาม,,,,,,,,,,
,,,,,,,,,คำขอโทรแจ้งคุณประกายรัตน์ เพื่อทราบ,,,,,,,,,,
2025-02-18 00:00:00,,บุคคลทั่วไป,,,,,,สอบถามลำดับผู้อุทธรณ์ และคู่กรณีในอุทธรณ์,ตรวจสอบจากระบบงานคดีปกครอง,,,,,,,,,,
,,,,,,,,เนื่องจากเป็นการอุทธรณ์ทั้งสองฝ่าย,และแจ้งคุณกิตติศักดิ์ ทราบ,,,,,,,,,,
2025-02-20 00:00:00,,บุคคลทั่วไป,,,,,,คำอุทธรณ์ของผู้ถูกฟ้องคดีที่ 1 ,โทรปรึกษา พคป.เพื่อตรวจสอบเอกสาร,,,,,,,,,,
,,,,,,,,ขาดเอกสารหน้าที่ 8,ในสำนวนเพื่อเช็คว่าเอกสารหน้า 8 ใน,,,,,,,,,,
,,,,,,,,,ในสำนวนมีหรือไม่ ปรากฏว่าเอกสาร,,,,,,,,,,
,,,,,,,,,ครบถ้วนจึงนำเอกสารสแกนเข้าในระบบ,,,,,,,,,,
,,,,,,,,,ระบบใหม่ คือ 1.ลบไฟล์และหัวข้อเดิม,,,,,,,,,,
,,,,,,,,, 2.สร้างหัวข้อและสแกนเอกสารใหม่ ,,,,,,,,,,
,,,,,,,,,3.นำเข้าข้อมูลอิเล็กฯ,,,,,,,,,,
2025-02-28 00:00:00,,บุคคลทั่วไป,,,,,,คุณวัฒนศักดิ์แจ้งว่าได้รับหมาย ต.11.2 ,ตรวจสอบในระบบงานคดีพบว่า,,,,,,,,,,
,,,,,,,,ลว. 25 ก.พ. 68 (ลำดับที่ 82) ทางระบบงาน,สรุปข้อเท็จจริงของตุลาการเจ้าของ,,,,,,,,,,
,,,,,,,,คดีอิเล็กทรอนิกส์ แต่ไม่พบสรุปข้อเท็จจริง,สำนวน ฉบับ ลว. 25 ก.พ. 68 อยู่ใน,,,,,,,,,,
,,,,,,,,ของตุลาการเจ้าของสำนวน,ลำดับที่ 78 ของสำนวนคดีอิเล็กทรอนิกส์,,,,,,,,,,
,,,,,,,,,โทรแจ้งคุณวัฒนศักดิ์เพื่อทราบ,,,,,,,,,,
2025-03-03 00:00:00,,บุคคลทั่วไป,,,,,,นายสุขสวัสดิ์ ผรม.ผถ.4 ลงทะเบียนเข้า,ตรวจสอบในระบบงานคดีปกครองคดี,,,,,,,,,,
,,,,,,,,ระบบคดี แต่ไม่สามารถกรอกข้อมูลยืนยัน,"อ.1203/65,1229/65 แล้วพบว่า ไม่มี",,,,,,,,,,
,,,,,,,,ตัวตนได้ (ระบบขึ้นข้อความตรวจสอบแล้ว,เอกสารการมอบอำนาจของบริษัท ทรู,,,,,,,,,,
,,,,,,,,ท่านไม่ใช่บุคคลในคดี),คอปอเรชั่น ลว. 5 ส.ค. 59 โทรแจ้ง,,,,,,,,,,
,,,,,,,,,คุณวิชญา เพื่อทราบและยื่นเอกสาร,,,,,,,,,,
,,,,,,,,,การมอบอำนาจเพิ่มเติม,,,,,,,,,,
2025-03-05 00:00:00,,บุคคลทั่วไป,,,,,,1.ได้ยื่นคำขอขยายระยะเวลาเข้ามา,1.ประสาน พคป.แจ้งคู่กรณีเบื้องต้นว่า,,,,,,,,,,
,,,,,,,,เมื่อวันที่ 3 มี.ค.68 ศาลมีคำสั่งเช่นไร,ศาลมีคำสั่งอนุญาต และเมื่อศาลมีคำสั่ง,,,,,,,,,,
,,,,,,,,2.ลงวันที่ในใบคำขอผิด 31 ม.ค.68,แล้ว สามารถเข้าไปเช็คในระบบได้เลย,,,,,,,,,,
,,,,,,,,ที่ถูกคือ 3 มี.ค.68 จะมีผลต่อวันที่ยื่นหรือไม่,2.ไม่มีผล เนื่องจากศาลยึดตามวันที่ส่ง,,,,,,,,,,
,,,,,,,,,ทางอิเล็กทรอนิกส์,,,,,,,,,,
2025-03-11 00:00:00,,ผู้รับมอบอำนาจ,,,,,,สอบถามการเข้าใช้งานระบบ e,แนะนำขั้นตอนการสมัครเข้าใข้งาน,,,,,,,,,,
,,ผู้ถูกฟ้องคดี,,,,,,และยื่นเอกสารการมอบอำนาจ,ระบบ e และอธิบายขั้นตอนการยื่น,,,,,,,,,,
,,,,,,,,ทางระบบ e,เอกสารเข้ามาในระบบ e,,,,,,,,,,
2025-03-20 00:00:00,,ผู้รับมอบอำนาจ,,,,,,คุณวิริชัย โทรมาสอบถามเกี่ยวกับคำขอ,ตรวจสอบแล้ว ศาลมีคำสั่งอนุญาต,,,,,,,,,,
,,,,,,,,ขยายระยะเวลา ลว. 18 มี.ค. 68,เมื่อวันที่ 20 มี.ค. 68 และอยู่ในขั้นตอน,,,,,,,,,,
,,,,,,,,ว่าศาลมีคำสั่งอย่างไร,การออกหมาย แจ้งคุณวิริชัยทราบ,,,,,,,,,,
,,บุคคลทั่วไป,,,,,,คุณทัศนีย์ แจ้งว่าได้รับหมาย ต.5,ตรวจสอบพบว่า พคป. ยังไม่ได้นำเข้า,,,,,,,,,,
,,,,,,,,แต่ยังไม่ได้รับเอกสารแนบ(คำอุทธรณ์),คำอุทธรณ์ในสำนวน e ศูนย์ฯ กดนำเข้า,,,,,,,,,,
,,,,,,,,,ให้เรียบร้อย,,,,,,,,,,
2025-03-26 00:00:00,,บุคคลทั่วไป,,,,,,คุณธนาชัย สอบถามเกี่ยวกับขั้นตอนการยื่น,แนะนำขั้นตอนการยื่นคำแก้อุทธรณ์,,,,,,,,,,
,,,,,,,,คำแก้อุทธรณืในระบบคดี e,ในระบบ e,,,,,,,,,,
2025-03-27 00:00:00,,ผู้รับมอบอำนาจ,,,,,,คุณอนันต์แจ้งว่าไม่สามารถเข้าดูสำนวนคดี e,ตรวจสอบพบว่า คุณอนันต์ได้ยื่นคำแถลง,,,,,,,,,,
,,,,,,,,ในระบบได้,พร้อมหนังสือมอบอำนาจ ลว.20 มี.ค.68,,,,,,,,,,
,,,,,,,,,ทางอิเล็กทรอนิกส์ ซึ่งศาลยังไม่มีการ,,,,,,,,,,
,,,,,,,,,เพิ่มชื่อคุณอนันต์เป็นผู้รับมอบอำนาจใน,,,,,,,,,,
,,,,,,,,,ระบบศูนย์ฯ ดำเนินการเพิ่มข้อมูลของ,,,,,,,,,,
,,,,,,,,,คุณอนันต์ในระบบ,,,,,,,,,,
2025-03-28 00:00:00,,บุคคลทั่วไป,,,,,,ได้รับหมาย ต.5 ทางคดีอิเล็กทรอนิกส์,ตรวจสอบพบว่า คำอุทธรณ์ ,,,,,,,,,,
,,,,,,,,แต่ไม่รับคำอุทธรณ์,ลว. 20 มี.ค. 66 อยู่ลำดับที่ 1 ,,,,,,,,,,
,,,,,,,,,ของหน้าสำนวนคดีอิเล็กฯ ของ,,,,,,,,,,
,,,,,,,,,คุณตวีทิพย์ แจ้งคุณตวีทิพย์เพื่อเปิดดู,,,,,,,,,,
,,,,,,,,,เอกสาร,,,,,,,,,,
2025-03-31 00:00:00,,บุคคลทั่วไป,,,,,,ได้ยื่นคำขอขยายระยะเวลาทำคำแก้อุทธรณ์,ประสาน พคป. ได้รับแจ้งว่าท่านอนุญาต,,,,,,,,,,
,,,,,,,,ลว. 26 มี.ค. 68 อยากทราบว่าท่านมีคำสั่ง,และจะส่งหมายแจ้งเพื่อทราบอีกครั้ง,,,,,,,,,,
,,,,,,,,อนุญาตหรือไม่,,,,,,,,,,,
2025-04-03 00:00:00,,บุคคลทั่วไป,,,,,,สอบถามขั้นตอนการลงทะเบียน,แนะนำขั้นตอนการลงทะเบียนการใช้งาน,,,,,,,,,,
,,,,,,,,การใช้งานระบบคดีอิเล็กทรอนิกส์,ระบบคดีอิเล็กทรอนิกส์ และแนะนำ,,,,,,,,,,
,,,,,,,,และการยื่นเอกสารทางอิเล็กทรอนิกส์,ขั้นตอนการยื่นเอกสาร,,,,,,,,,,
2025-04-04 00:00:00,,บุคคลทั่วไป,,,,,,สอบถามการเข้าดูหมายในงาน,แนะนำขั้นตอนการเข้าดูหมายใน,,,,,,,,,,
,,,,,,,,ระบบคดีอิเล็กทรอนิกส์,งานระบบคดีอิเล็กทรอนิกส์ และแจ้ง,,,,,,,,,,
,,,,,,,,,ลำดับหมายที่ต้องการเปิดดู,,,,,,,,,,
2025-04-08 00:00:00,,บุคคลทั่วไป,,,,,,คู่กรณีขอทราบคำสั่งศาล กรณียื่น,ประสานงาน พคป.ประจำสำนวน ,,,,,,,,,,
,,,,,,,,คำแก้อุทธรณ์ ลว. 3 เม.ย.68,ได้รับแจ้งว่า ขอเช็คข้อมูลแล้วจะแจ้ง,,,,,,,,,,
,,,,,,,,ซึ่งเกินระยะเวลาที่ศาลกำหนด ,ให้ทราบอีกครั้ง,,,,,,,,,,
,,,,,,,,*แจ้งคู่กรณีสอบถามอีกครั้งในวันถัดไป,,,,,,,,,,,
,,บุคคลทั่วไป,,,,,,คู่กรณีสอบถามกรณียื่นคำแก้อุทธรณ์,แจ้งคู่กรณีให้ทราบว่า เมื่อคู่กรณีได้ยื่น,,,,,,,,,,
,,,,,,,,แต่ไม่ได้เซ็นชื่อ ถือว่ายื่นถูกต้องแล้ว,เอกสารผ่านระบบ ถือว่าได้ลงลายมือชื่อ,,,,,,,,,,
,,,,,,,,หรือไม่,หรือรับรองในเอกสารนั้นแล้ว,,,,,,,,,,
2025-04-11 00:00:00,,บุคคลทั่วไป,,,,,,คุณสุพรรัตน์ สอบถามเกี่ยวกับคำขอ,ประสาน พคป. แจ้งว่า ท่านมีสั่งอนุญาต,,,,,,,,,,
,,,,,,,,ขยายระยะเวลา ลว. 8 เม.ย. 68,และจะมีหมายแจ้งเพื่อทราบต่อไป ,,,,,,,,,,
,,,,,,,,ว่าศาลมีคำสั่งอย่างไร,ศูนย์ฯ โทรแจ้งคุณสุพรรัตน์ เพื่อทราบ,,,,,,,,,,
2025-04-22 00:00:00,,บุคคลทั่วไป,,,,,,คุณวัชรพงศ์ สอบถามเกี่ยวกับคำขอ,ประสาน พคป. แจ้งว่า ท่านมีสั่งอนุญาต,,,,,,,,,,
,,,,,,,,ขยายระยะเวลา ลว. 11 เม.ย. 68,และจะมีหมายแจ้งเพื่อทราบต่อไป ,,,,,,,,,,
,,,,,,,,ว่าศาลมีคำสั่งอย่างไร,ศูนย์ฯ โทรแจ้งคุณวัชรพงศ์ เพื่อทราบ,,,,,,,,,,
,,บุคคลทั่วไป,,,,,,ผรม.ผู้ถูกที่ 3 ต้องการยื่นคำแก้อุทธรณ์,ตรวจสอบแล้วพบว่าในระบบคดีของ,,,,,,,,,,
,,,,,,,,ในระบบ แต่แจ้งว่าในระบบไม่มีให้,ศาลต้นสถานะผู้ถูกฟ้องคดีที่ 3  คือ,,,,,,,,,,
,,,,,,,,เลือก สถานะผู้ถูกฟ้องคดีที่ 3,สถานะเดิม แต่ในคดีของศาลปกครอง,,,,,,,,,,
,,,,,,,,,สูงสุด สถานะผู้ถูกฟ้องคดีที่ 3 คือ,,,,,,,,,,
,,,,,,,,, ผู้อุทธรณ์ที่ 2 จึงแจ้งให้เลือกสถานะ,,,,,,,,,,
,,,,,,,,,เป็นผู้อุทธรณ์ที่ 2,,,,,,,,,,
2025-04-24 00:00:00,,บุคคลทั่วไป,,,,,,สอบถามการยื่นคำขอขยาย ลว. 23 เม.ย. 68,ประสาน พคป. แจ้งว่า ท่านมีคำสั่งให้,,,,,,,,,,
,,,,,,,, ศาลมีคำสั่งอย่างไร,แก้ไขคำขอจากผถ. 2 เป็นผฟ.2 ,,,,,,,,,,
,,,,,,,,,และยื่นใหม่อีกครั้ง โทรแจ้งคุณปทุมมาศ,,,,,,,,,,
,,บุคคลทั่วไป,,,,,,สอบถามการยื่นหนังสือตอบรับการใช้,ประสาน พคป. เพื่อตรวจหนังสือ,,,,,,,,,,
,,,,,,,,ระบบงานคดีปกครอง ลว. 24 เม.ย.  68 ,มอบอำนาจและเสนอท่าน,,,,,,,,,,
,,,,,,,,และการยื่นหนังสือมอบอำนาจช่วง,,,,,,,,,,,
2025-05-13 00:00:00,,บุคคลทั่วไป,,,,,,สอบถามการยื่นคำขอขยายระยะเวลา,ประสาน พคป. แจ้งว่า ผรม.ผู้ฟ้องคดี,,,,,,,,,,
,,,,,,,,ยื่นคำแก้อุทธรณ์ ฉบับ ลว. 1 พ.ค. 68,อีกราย ได้ยื่นคำแก้อุทธรณ์ ฉบับ ลว.,,,,,,,,,,
,,,,,,,,ว่าศาลมีคำสั่งหรือไม่อย่างไร, 4 เม.ย. 68 มาแล้ว ศาลจึงไม่มีคำสั่ง,,,,,,,,,,
,,,,,,,,,เกี่ยวกับคำขอขยายระเวลา ฉบับ ลว.,,,,,,,,,,
,,,,,,,,,1 พ.ค. 68 โทรแจ้ง คุณประหยัด ทราบ,,,,,,,,,,
2025-05-16 00:00:00,,บุคคลทั่วไป,,,,,,สอบถามเกี่ยวกับการยื่นคำขอขยาย,ประสาน พคป. แจ้งว่าอยู่ระหว่าง,,,,,,,,,,
,,,,,,,,ระยะเวลาการยื่นคำแก้อุทธรณ์,ท่านมีคำสั่ง ,,,,,,,,,,
,,,,,,,,ลว.16 พ.ค. 68,,,,,,,,,,,
2025-05-20 00:00:00,,บุคคลทั่วไป,,,,,,คุณปภิบูร ลืมพาสเวิรด์ และลืม,กรณีลืมพาสเวิรด์หรือ ชื่อผู้ใช้,,,,,,,,,,
,,,,,,,,E-mail จึงเข้าระบบงานคดี e,ขั้นตอนการแก้ไข,,,,,,,,,,
,,,,,,,,ที่เคยสมัครไว้ไม่ได้,1.กดเลือกลืมพาสเวิรด์/ชื่อผู้ใช้,,,,,,,,,,
,,,,,,,,,"2.กรอกเลขบัตรประชาชน,อีเมล์",,,,,,,,,,
,,,,,,,,,3.กดค้นหา จะมีคำถามที่เคยตอบ เช่น,,,,,,,,,,
,,,,,,,,,สีที่ชอบ เลือกตอบที่เคยตอบ ถ้าจำไม่ได้,,,,,,,,,,
,,,,,,,,,ให้กดตกลง จะมีปุ่มสีชมพู ข้อมูลเมล์ ,,,,,,,,,,
,,,,,,,,,จะโชว์,,,,,,,,,,
,,,,,,,,,4.การตั้งค่า รหัสชั่วคราวจะมีลิงค์ ,,,,,,,,,,
,,,,,,,,,มีตัวเลข คลิกที่นี่ กำหนดรหัสใหม่,,,,,,,,,,
,,,,,,,,,5.รหัสชั่วคราวจะถูกส่งไปที่ เมล์ที่แจ้งไว้ ,,,,,,,,,,
,,,,,,,,,กดที่ลิงค์ เพื่อคลิกเข้าระบบ กรณีลืม ,,,,,,,,,,
,,,,,,,,,e-mail ที่เคยลงทะเบียนไว้,,,,,,,,,,
,,,,,,,,,ขั้นตอนการแก้ไข,,,,,,,,,,
,,,,,,,,,1.สมัครเข้าใช้งานคดีใหม่ โดยนำสำเนา,,,,,,,,,,
,,,,,,,,,บัตรประจำตัวประชาชน 1 ใบ มาที่ศาล,,,,,,,,,,
,,,,,,,,,และเขียนคำขอแจ้งอีเมล์ใหม่ให้,,,,,,,,,,
,,,,,,,,,เจ้าหน้าที่แก้ไขข้อมูล และแจ้งชื่อและ,,,,,,,,,,
,,,,,,,,,เบอร์โทรติดต่อ,,,,,,,,,,
2025-05-26 00:00:00,,บุคคลทั่วไป,,,,,,ธ.19 ที่ สศส.ส่งไปยังนายพัฒนศักดิ์,ได้ตรวจสอบในระบบและแจ้งให้กับ,,,,,,,,,,
,,,,,,,,เป็นหนังสือนำส่งของเอกสารรายการใด,นายพัฒนศักดิ์ทราบ,,,,,,,,,,
2025-05-29 00:00:00,,บุคคลทั่วไป,,,,,,คุณกิตติพงศ์ สอบถามเกี่ยวกับการยื่น,ตรวจสอบแล้วพบว่าท่านมีคำสั่งรับ,,,,,,,,,,
,,,,,,,,ยื่นคำแก้อุทธรณ์ ลว. 3 เม.ย 68,คำแก้อุทธรณ์ และส่งคำแก้อุทธรณ์ให้,,,,,,,,,,
,,,,,,,,,ผู้อุทธรณ์ทราบ,,,,,,,,,,
2025-05-30 00:00:00,,บุคคลทั่วไป,,,,,,คุณกตัญญูแจ้งว่าได้รับข้อความจาก,ขั้นตอนการยกเลิกคำฟ้อง,,,,,,,,,,
,,,,,,,,ศาลปกครองสูงสุด แจ้งเรื่องการยื่น,1.เข้า e-mail ของคุณกตัญญู,,,,,,,,,,
,,,,,,,,คำฟ้องผิดศาล จึงอยากทราบว่าจะ,2.เลือกส่ง e-mail ถึงศาลปกครองสูงสุด,,,,,,,,,,
,,,,,,,,ดำเนินการยกเลิกคำฟ้องที่ยื่นผิดอย่างไร,3.พิมพ์ข้อความขอยกเลิกคำฟ้องที่ยื่นผิด,,,,,,,,,,
,,,,,,,,,ใส่เลขรหัสชั่วคราวที่ศาลปกครองสูงสุด,,,,,,,,,,
,,,,,,,,,ส่งให้,,,,,,,,,,
,,,,,,,,,4.รับฟ้องศาลปกครองสูงสุด จะทำการ,,,,,,,,,,
,,,,,,,,,ยกเลิกรหัสคำฟ้องชั่วคราวให้,,,,,,,,,,
2025-06-05 00:00:00,,บุคคลทั่วไป,,,,,,สอบถามว่าคดี อยู่ในขั้นตอนใดบ้าง,ตรวจสอบความเคลื่อนไวคดีใน ,,,,,,,,,,
,,,,,,,,,ADM CASE อยู่ในชั้น ออกเลขคดีแดง ,,,,,,,,,,
,,,,,,,,,แจ้งคุณกิตพงศ์ทราบ,,,,,,,,,,
2025-06-06 00:00:00,,บุคคลทั่วไป,,,,,,คุณตวีทิพย์ได้ยื่นคำขอขยายระยะเวลา,ประสาน พคป. เพื่อเสนอท่านมีคำสั่ง,,,,,,,,,,
,,,,,,,,ยื่นคำแก้อุทธรณ์ ลว. 21 พ.ค. 68,และท่านมีคำสั่งอนุญาตให้ขยาย,,,,,,,,,,
,,,,,,,,อยากทราบว่าท่านมีคำสั่งอนุญาตหรือไม่,ระยะเวลาถึงวันที่  29 มิ.ย. 68,,,,,,,,,,
,,,,,,,,อย่างไร,ตามคำขอ,,,,,,,,,,
2025-06-12 00:00:00,,บุคคลทั่วไป,,,,,,ผรม.ผฟ.ได้ยื่นคำขอขยายะระเวลา,ประสาน พคป. เพื่อเสนอท่านมีคำสั่ง,,,,,,,,,,
,,,,,,,,ยื่นคำแก้อุทธรณ์ ลว. 9 มิ.ย. 68,และท่านมีคำสั่งอนุญาตให้ขยาย,,,,,,,,,,
,,,,,,,,อยากทราบว่าท่านมีคำสั่งอย่างไร,ระยะเวลาตามคำขอ,,,,,,,,,,
,,บุคคลทั่วไป,,,,,,ผรม.ผถ.1-2 ได้ยื่นคำขอขยายระยะ,ประสาน พคป. เพื่อเสนอท่านมีคำสั่ง,,,,,,,,,,
,,,,,,,,ยื่นคำแก้อุทธรณ์ ลว. 5 มิ.ย. 68,,,,,,,,,,,
,,,,,,,,อยากทราบว่าท่านมีคำสั่งอย่างไร,,,,,,,,,,,
2025-06-13 00:00:00,,บุคคลทั่วไป,,,,,,ผรม.ผถ. ได้ยื่นคำแก้อุทธรณ์,ตรวจสอบในระบบคดี e แล้วพบว่า,,,,,,,,,,
,,,,,,,,ลว. 12 มิ.ย. 68 อยากทราบว่าศาล,ศาลได้รับคำแก้อุทธรณ์เรียบร้อยแล้ว,,,,,,,,,,
,,,,,,,,ได้รับคำแก้อุทธรณ์แล้วหรือยัง,เมื่อวันที่ 13 มิ.ย. 68 แจ้งคู่กรณีทราบ,,,,,,,,,,
2025-06-16 00:00:00,,บุคคลทั่วไป,,,,,,กรมที่ดินแจ้งว่า ศาลได้มีหมาย ต.5,ประสานกลุ่มออกหมาย และ,,,,,,,,,,
,,,,,,,,ส่งถึงผู้รับมอบอำนาจคนเก่า,เพิ่มชื่อผู้รับมอบอำนาจคนใหม่ในระบบ,,,,,,,,,,
,,,,,,,,ซึ่งกรมที่ดินได้มีหนังสือตอบรับการใช้,และกลุ่มออกหมายประสาน พปค.,,,,,,,,,,
,,,,,,,,ระบบงานคดีปกครองอิเล็กทรอนิกส์,เพื่อจัดทำหมายใหม่อีกครั้งส่งถึง,,,,,,,,,,
,,,,,,,,พร้อมกับยื่นหนังสือมอบอำนาจ,ผู้รับมอบอำนาจคนใหม่,,,,,,,,,,
,,,,,,,,คนใหม่ เมื่อวันที่ 24 มี.ค. 68,,,,,,,,,,,
2025-06-17 00:00:00,,บุคคลทั่วไป,,,,,,คุณณฐาภพแจ้งว่า ได้เข้าระบบและ,ตรวจสอบในระบบพบว่า คู่กรณีใช้งาน,,,,,,,,,,
,,,,,,,,เห็นเมนูหมาย ต. 5 ถึงคุณณฐาภพ, e แต่เกิดข้อผิดพลาดโดยการส่งหมาย,,,,,,,,,,
,,,,,,,,แต่ไม่มีไฟล์ตราครุฑคลิกเข้าดูหมายได้,ทางไปรษณีย์ให้คู่กรณี จึงดำเนินการ,,,,,,,,,,
,,,,,,,,,จัดส่งหมายทาง e ให้คู่กรณีใหม่อีกครั้ง,,,,,,,,,,
,,,,,,,,,และประสานพคป.เพื่อทราบ,,,,,,,,,,
,,บุคคลทั่วไป,,,,,,คุณนริศราแจ้งว่าได้รับหมาย ธ.22  ,ตรวจสอบพบว่าผู้ร่างไม่ได้,,,,,,,,,,
,,,,,,,,ลว.16 มิ.ย. 68 ทางระบบ e,กดนำเข้าสำเนาคำแถลงเข้าระบบ e,,,,,,,,,,
,,,,,,,,แต่ไม่มีสำเนาคำแถลง,เพื่อแจ้งคู่กรณี ประสานผู้ร่างให้กดนำเข้า,,,,,,,,,,
,,,,,,,,,คำแถลง และแจ้งคู่กรณีเข้าระบบเพื่อดู,,,,,,,,,,
,,,,,,,,,เอกสารอีกครั้ง,,,,,,,,,,
2025-06-20 00:00:00,,บุคคลทั่วไป,,,,,,แจ้งว่าได้รับข้อความจากศาลส่งหมาย,ตรวจสอบแล้วพบว่าหมายแจ้ง ต.11,,,,,,,,,,
,,,,,,,,ต.11 ในระบบ แต่คุณโรจน์เปิดดูหมาย,ศาลนัดอ่านคำสั่งศาลปกครองสูงสุด,,,,,,,,,,
,,,,,,,,ในดคดี คร.469/67 ไม่ได้,คดีดำที่ 422/67 คุณโรจน์ต้องดูหมาย,,,,,,,,,,
,,,,,,,,,ในคดีของศาลปกครองกลาง,,,,,,,,,,
2025-06-23 00:00:00,,บุคคลทั่วไป,,,,,,ผรม.ได้ยื่นคำขอขยายระยะเวลายื่น,ตรวจสอบในระบบ ศาลยังไม่มีคำสั่ง,,,,,,,,,,
,,,,,,,,คำแก้อุทธรณ์ ลว. 17 มิ.ย. 68,แจ้ง พคป. เพื่อเสนอศาลมีคำสั่ง,,,,,,,,,,
,,,,,,,,อยากทราบว่าศาลอนุญาตหรือไม่,และแจ้ง ผรม.เพื่อเข้าดูคำสั่งศาลใน,,,,,,,,,,
,,,,,,,,,ระบบอีกครั้ง,,,,,,,,,,
2025-06-24 00:00:00,,บุคคลทั่วไป,,,,,,คุณวัฒนศักดิ์แจ้งว่าได้รับคำสั่งศาล,"ตรวจสอบแล้วพบว่า หน้าที่ 2,4,6 ",,,,,,,,,,
,,,,,,,,จำนวนหน้าไม่ครบ,ขาดไปแจ้งเจ้าหน้าที่สารบบผู้รับผิดชอบ,,,,,,,,,,
,,,,,,,,,ในการแสกนดำเนินการสแกนเอกสาร,,,,,,,,,,
,,,,,,,,,เพิ่มเติมให้ครบถ้วน,,,,,,,,,,
2025-06-25 00:00:00,,บุคคลทั่วไป,,,,,,สอบถามว่าจะยื่นคำขอขยายในระบบ e,ตรวจสอบแล้วพบว่าคุณวรลักษณ์เป็น,,,,,,,,,,
,,,,,,,,จะต้องเลือกฐานะอะไร,ผู้รับมอบอำนาจฝ่ายคู่กรณีในอุทธรณ์,,,,,,,,,,
,,,,,,,,,แจ้งคุณวรรลักษณ์ ทราบ,,,,,,,,,,
2025-06-27 00:00:00,,บุคคลทั่วไป,,,,,,คุณพรรณีต้องการยื่นคำคัดค้านคำชี้แจง,แจ้งคุณพรรณรพีให้เลือกเมนู ,,,,,,,,,,
,,,,,,,,ในระบบ e จะต้องเลือกเมนูการยื่นเป็น,ยื่นคำร้อง/คำขอ,,,,,,,,,,
,,,,,,,,เมนูใด,,,,,,,,,,,
,,บุคคลทั่วไป,,,,,,คุณสุภลักษณ์ แจ้งว่าได้ใช้งานระบบ e,ตรวจสอบพบว่าในคดีศาลปกครองสูงสุด,,,,,,,,,,
,,,,,,,,ในศาลปกครองชั้นต้น และได้ยื่นคำแก้,คุณสุภลักษณ์ยังไม่เคยยื่นเอกสารมาทาง,,,,,,,,,,
,,,,,,,,อุทธรณ์เป็นกระดาษ แต่ไม่เห็นคำแก้,ระบบ e ระบบจึงยังไม่มีการเชื่อมคดี,,,,,,,,,,
,,,,,,,,อุทธรณ์ในระบบ e,เป็น e จึงแนะนำให้คุณสุภลักษณ์ยื่น,,,,,,,,,,
,,,,,,,,,เอกสารมาทางระบบ e  ก่อน,,,,,,,,,,
2025-07-07 00:00:00,,บุคคลทั่วไป,,,,,,สอบการขั้นตอนยื่นคำคัดค้านคำให้การ,แนะนำขั้นตอนการยื่นคำให้การและ,,,,,,,,,,
,,,,,,,,และการอัพโหลดเอกสาร,การอัฟโหลดเอกสาร,,,,,,,,,,
,,,,,,,,,1.กล่องช่องคำคัดค้านคำให้การ,,,,,,,,,,
,,,,,,,,,จำเป็นต้องกรอก ข้อมูล (สรุปสั้นๆ) หรือ,,,,,,,,,,
,,,,,,,,,(เขียนว่ารายละเอียดปรากฏตามเอกสาร),,,,,,,,,,
,,,,,,,,,2.การอัพโหลด,,,,,,,,,,
,,,,,,,,,2.1 ระบบบังคับให้อัฟโหลด ไฟล์ PDF,,,,,,,,,,
,,,,,,,,,ต้องกรอกจำนวนไฟล์/จำนวนหน้าด้วย,,,,,,,,,,
,,,,,,,,,2.2 ระบบบังคับให้อัฟโหลดไฟล์ Word ,,,,,,,,,,
,,,,,,,,,การแปลงเอกสารจาก Word เป็น PDF,,,,,,,,,,
,,,,,,,,,ให้เลือก Save as เป็น PDF,,,,,,,,,,
2025-07-09 00:00:00,,บุคคลทั่วไป,,,,,,ยื่นคำขอขยายระยะเวลายื่นคำแก้อุทธรณ์,ตรวจสอบแล้วศาลมีคำสั่งอนุญาตให้เป็น,,,,,,,,,,
,,,,,,,,ลว. 7 ก.ค. 68 ศาลมีคำสั่งอนุญาตหรือไม่,ครั้งสุดท้าย,,,,,,,,,,
2025-07-24 00:00:00,,บุคคลทั่วไป,,,,,,ผรม.ผู้อุทธรณ์แจ้งว่า ได้รับหมาย ,ตรวจสอบพบว่า พคป.ได้จัดทำหมาย,,,,,,,,,,
,,,,,,,,ต.10.5 ทางระบบ e แต่ไม่มีไฟล์ PDF,ต.10.5 ทางระบบ แต่ไม่ได้กดนำเข้า,,,,,,,,,,
,,,,,,,,คำแก้อุทธรณ์ ให้สามารถเปิดดูหรือ,คำแก้อุทธรณ์เข้าระบบ e จึงดำเนินการ,,,,,,,,,,
,,,,,,,,โหลดได้,กดนำเข้าคำแก้อุทธรณ์เข้าระบบ e,,,,,,,,,,
วันและเวลา,วิธีขอรับคำปรึกษา,สถานะของผู้ขอ,อาชีพ,ภูมิลำเนา ,ประเภทของ,คดีตามมาตรา,ประเด็นที่ขอ,ข้อเท็จจริง/ประเด็นที่ขอคำปรึกษาแนะนำ,ผลการให้คำปรึกษาแนะนำ,,,,,,,,,,
ที่ให้คำปรึกษา,,คำปรึกษา,,(จังหวัดอื่น,คดีที่ให้,,คำปรึกษา,,,,,,,,,,,,
แนะนำ,,,,โปรดระบุ),คำปรึกษา,,(เลือกได้หลายข้อ),,,,,,,,,,,,
2024-11-04 00:00:00,โทร.021410123,บุคคลทั่วไป,,,,,ขั้นตอนปฏิบัติ/,สามารถสอบถามความคืบหน้าเกี่ยวกับ,ควรยื่นคำขอรับรองคดีถึงที่สุดต่อ,,,,,,,,,,
,โทร.021411075,,,,,,การใช้งาน,คำขอหนังสือรับรองคดีถึงที่สุดที่ยื่น,ศาลปกครองชั้นต้นโดยตรง,,,,,,,,,,
,,,,,,,,ผ่านระบบอิเล็กทรอนิกส์ได้หรือไม่,,,,,,,,,,,
2024-11-04 00:00:00,โทร.021410123,บุคคลทั่วไป,,,,,ขั้นตอนปฏิบัติ/,ได้มีการส่งเอกสารอุทธรณ์ผ่านระบบ,เมื่อตรวจสอบจากหมายเลขคดีใน,,,,,,,,,,
,โทร.021411075,,,,,,การใช้งาน,อิเล็กทรอนิกส์หรือยัง,ระบบแล้ว พบว่าเอกสารอุทธรณ์,,,,,,,,,,
,,,,,,,,,ได้ยื่นเข้ามาครบถ้วนแล้ว,,,,,,,,,,
2024-11-10 00:00:00,โทร.021410123,บุคคลทั่วไป,,,,,ขั้นตอนปฏิบัติ/,ลงทะเบียนระบบอิเล็กทรอนิกส์แล้ว,สามารถยื่นคำขอตรวจสำนวนผ่าน,,,,,,,,,,
,โทร.021411075,,,,,,การใช้งาน,แต่ไม่เห็นหมายหรือเอกสารคดี,ระบบเพื่อให้ศาลเปิดสิทธิ์,,,,,,,,,,
,,,,,,,,,การเข้าถึงได้,,,,,,,,,,
2024-11-10 00:00:00,โทร.021410123,บุคคลทั่วไป,,,,,ขั้นตอนปฏิบัติ/,ขอรับไฟล์คำพิพากษาของศาล,สามารถขอคัดถ่ายหรือดาวน์โหลด,,,,,,,,,,
,โทร.021411075,,,,,,การใช้งาน,,ไฟล์คำพิพากษาได้หลังศาลอ่าน,,,,,,,,,,
,,,,,,,,,คำพิพากษา โดยผ่านแอปพลิเคชัน,,,,,,,,,,
,,,,,,,,,“Admincourt ศาลปกครอง”,,,,,,,,,,
2024-11-10 00:00:00,โทร.021410123,บุคคลทั่วไป,,,,,ขั้นตอนปฏิบัติ/,เมื่อตอบรับการใช้ระบบอิเล็กทรอนิกส์,ศาลจะส่งเอกสารผ่านระบบ,,,,,,,,,,
,โทร.021411075,,,,,,การใช้งาน,แล้ว เอกสารต่อไปจะส่งทางระบบ,อิเล็กทรอนิกส์ หากได้ตอบรับ,,,,,,,,,,
,,,,,,,,เลยหรือไม่,ใช้งานระบบแล้ว,,,,,,,,,,
2024-11-10 00:00:00,โทร.021410123,บุคคลทั่วไป,,,,,ขั้นตอนปฏิบัติ/,ยื่นคำอุทธรณ์เพิ่มเติม แต่เอกสารแนบ,ควรนำเอกสารแนบที่อยู่ในหมวด,,,,,,,,,,
,โทร.021411075,,,,,,การใช้งาน,ไปอยู่ในหมวดคำขอ จึงไม่สมบูรณ์,คำขอออกมาจัดรวมไว้กับคำอุทธรณ์,,,,,,,,,,
,,,,,,,,,ให้ครบถ้วน,,,,,,,,,,
2024-11-20 00:00:00,โทร.021410123,บุคคลทั่วไป,,,,,ขั้นตอนปฏิบัติ/,ต้องการคัดถ่ายคำแก้อุทธรณ์ แต่ยัง,ต้องรอคำสั่งจากศาลก่อน หากศาล,,,,,,,,,,
,โทร.021411075,,,,,,การใช้งาน,ไม่มีคำสั่งรับคำแก้อุทธรณ์,มีคำสั่งรับแล้วจึงจะสามารถขอคัด,,,,,,,,,,
,,,,,,,,,ถ่ายได้,,,,,,,,,,
2024-11-20 00:00:00,โทร.021410123,บุคคลทั่วไป,,,,,เทคนิค,มีอีเมลแจ้งเตือนว่ามีเอกสารเข้า แต่ใน,อาจเกิดจากข้อผิดพลาดทาง,,,,,,,,,,
,โทร.021411075,,,,,,,ระบบไม่พบเอกสาร,ระบบ ควรติดต่อเจ้าหน้าที่เทคนิค,,,,,,,,,,
2024-11-20 00:00:00,โทร.021410123,บุคคลทั่วไป,,,,,ขั้นตอนปฏิบัติ/,ได้รับ SMS แจ้งว่ามีเอกสาร ,อาจเป็นเพราะไฟล์หมดอายุ ,,,,,,,,,,
,โทร.021411075,,,,,,การใช้งาน,แต่เปิดไฟล์ไม่ได้,จึงไม่สามารถเปิดดูได้,,,,,,,,,,
2024-11-20 00:00:00,โทร.021410123,บุคคลทั่วไป,,,,,ขั้นตอนปฏิบัติ/,ต้องการคัดถ่ายคำร้องอุทธรณ์,ศาลได้ออกเลขคดีเรียบร้อยแล้ว ,,,,,,,,,,
,โทร.021411075,,,,,,การใช้งาน,แต่ยังไม่มีเลขคดีจากศาลสูง,และจะแจ้งให้ทราบผ่านระบบ,,,,,,,,,,
2024-11-20 00:00:00,โทร.021410123,บุคคลทั่วไป,,,,,ขั้นตอนปฏิบัติ/,หากยืนยันการใช้ระบบอิเล็กทรอนิกส์,หมายจะถูกส่งผ่านระบบ,,,,,,,,,,
,โทร.021411075,,,,,,การใช้งาน,แล้ว การส่งหมายจะทำผ่านระบบ,อิเล็กทรอนิกส์ให้กับผู้เกี่ยวข้อง,,,,,,,,,,
,,,,,,,,หรือไม่,ตามลำดับ,,,,,,,,,,
2024-11-20 00:00:00,โทร.021410123,บุคคลทั่วไป,,,,,ขั้นตอนปฏิบัติ/,ผู้รับมอบอำนาจเข้าใช้งานระบบไม่ได้,ควรยื่นคำร้องในระบบเพื่อขอสิทธิ์,,,,,,,,,,
,โทร.021411075,,,,,,การใช้งาน,หลังตอบรับการใช้ระบบแล้ว,เข้าดูเอกสารในสำนวนคดี,,,,,,,,,,
2024-12-09 00:00:00,โทร.021410123,บุคคลทั่วไป,,,,,ขั้นตอนปฏิบัติ/,คู่กรณียืนยันใช้ระบบศาลชั้นต้น แต่ไม่,ให้แจ้งเจ้าหน้าที่ฝ่ายเทคโน,,,,,,,,,,
,โทร.021411075,,,,,,การใช้งาน,เชื่อมต่อในชั้นอุทธรณ์,เพื่อประสานการเชื่อมข้อมูลให้,,,,,,,,,,
,,,,,,,,,สมบูรณ์,,,,,,,,,,
2024-12-09 00:00:00,โทร.021410123,บุคคลทั่วไป,,,,,ขั้นตอนปฏิบัติ/,ต้องการยื่นคำแก้อุทธรณ์ แต่ในระบบ,ระบบศาลอุทธรณ์อาจแสดงลำดับ,,,,,,,,,,
,โทร.021411075,,,,,,การใช้งาน,ไม่พบชื่อผู้เกี่ยวข้องตรงตามศาลชั้นต้น,ตามชื่อคู่กรณีในอุทธรณ์ ควรเลือก,,,,,,,,,,
,,,,,,,,,ตามลำดับที่ระบบแสดงไว้ได้,,,,,,,,,,
2024-12-09 00:00:00,โทร.021410123,บุคคลทั่วไป,,,,,ขั้นตอนปฏิบัติ/,มีการแจ้งว่าหมายถูกส่งแล้ว แต่ไม่พบ,อาจเกิดจากการยกเลิกหมายเดิม,,,,,,,,,,
,โทร.021411075,,,,,,การใช้งาน,หมายในระบบ,เนื่องจากข้อมูลผิดพลาด และระบบ,,,,,,,,,,
,,,,,,,,,ได้ส่งหมายใหม่อีกครั้ง,,,,,,,,,,
2024-12-09 00:00:00,โทร.021410123,บุคคลทั่วไป,,,,,ขั้นตอนปฏิบัติ/,ได้รับหมาย ต.3 แต่ไม่มีเอกสารแนบ,ตรวจสอบพบว่าระบบของศาล,,,,,,,,,,
,โทร.021411075,,,,,,การใช้งาน,,มีปัญหาชั่วคราว,,,,,,,,,,
2024-12-16 00:00:00,โทร.021410123,บุคคลทั่วไป,,,,,ขั้นตอนปฏิบัติ/,อยากทราบวิธีนับระยะเวลาตามคำสั่ง,ให้ถือว่าหมายถึงตั้งแต่มีการส่งผ่าน,,,,,,,,,,
,โทร.021411075,,,,,,การใช้งาน,ศาลและการยื่นพยานหลักฐาน,ระบบ และหากไม่สามารถยื่นพยาน,,,,,,,,,,
,,,,,,,,,ได้ ให้ทำคำร้องชี้แจงต่อศาล,,,,,,,,,,
2024-12-16 00:00:00,โทร.021410123,บุคคลทั่วไป,,,,,ขั้นตอนปฏิบัติ/,หากยื่นขอขยายเวลาผ่านระบบ ,เมื่อยื่นผ่านระบบแล้ว ถือว่าเป็น,,,,,,,,,,
,โทร.021411075,,,,,,การใช้งาน,จะถือว่าใช้ระบบอิเล็กทรอนิกส์หรือไม่,การตอบรับใช้งานระบบอัตโนมัติ ,,,,,,,,,,
,,,,,,,,,แม้ไม่ได้กดยืนยันแยกต่างหาก,,,,,,,,,,
2024-12-16 00:00:00,โทร.021410123,บุคคลทั่วไป,,,,,ขั้นตอนปฏิบัติ/,หากศาลมีคำสั่งใหม่ จะทราบ,จะมีข้อความแจ้งเตือนไปยังเบอร์,,,,,,,,,,
,โทร.021411075,,,,,,การใช้งาน,ได้อย่างไร,โทรศัพท์ที่ลงทะเบียนไว้ และ,,,,,,,,,,
,,,,,,,,,สามารถเข้าไปดูคำสั่งในระบบได้,,,,,,,,,,
2024-12-18 00:00:00,โทร.021410123,บุคคลทั่วไป,,,,,ขั้นตอนปฏิบัติ/,ได้รับหมาย ต.5 แต่เปิดไฟล์แนบไม่ได้,อาจเกิดจากปัญหาอินเทอร์เน็ต/,,,,,,,,,,
,โทร.021411075,,,,,,การใช้งาน,,ระบบ ควรลองออกจากระบบแล้ว,,,,,,,,,,
,,,,,,,,,เข้าสู่ระบบใหม่อีกครั้ง,,,,,,,,,,
2024-12-18 00:00:00,โทร.021410123,บุคคลทั่วไป,,,,,ขั้นตอนปฏิบัติ/,ยื่นขอขยายเวลายื่นคำแก้อุทธรณ์,เมื่อศาลมีคำสั่งอนุญาตจะมีหนังสือ,,,,,,,,,,
,โทร.021411075,,,,,,การใช้งาน,อยากทราบว่าศาลอนุญาตหรือยัง,แจ้งผ่านระบบในเวลาที่ระบุ,,,,,,,,,,
2024-12-18 00:00:00,โทร.021410123,บุคคลทั่วไป,,,,,ขั้นตอนปฏิบัติ/,แจ้งว่าผู้รับมอบอำนาจช่วงฝ่าย,ตรวจสอบในระบบคดีปกครอง,,,,,,,,,,
,โทร.021411075,,,,,,การใช้งาน,ผู้อุทธรณ์ได้ยื่นคำขอขยายระยะเวลา,พบว่าอยู่ระหว่างการพิจารณา,,,,,,,,,,
,,,,,,,,ยื่นคำแก้อุทธรณ์เมื่อวันที่ 27,ของศาล,,,,,,,,,,
,,,,,,,,ธันวาคม 2567 จึงอยากทราบว่าศาล,,,,,,,,,,,
,,,,,,,,ได้มีคำสั่งอนุญาตหรือไม่,,,,,,,,,,,
2024-12-18 00:00:00,โทร.021410123,บุคคลทั่วไป,,,,,ขั้นตอนปฏิบัติ/,คู่กรณีไม่ได้รับเอกสารแนบ ,ได้แจ้งเจ้าหน้าที่ผู้ออกหมาย,,,,,,,,,,
,โทร.021411075,,,,,,การใช้งาน,หมาย ธ.19 ในระบบ e-Court,ให้กดนำเข้าเอกสารแนบเข้าสู่,,,,,,,,,,
,,,,,,,,,ระบบเรียบร้อยแล้ว,,,,,,,,,,
2024-12-24 00:00:00,โทร.021410123,บุคคลทั่วไป,,,,,ขั้นตอนปฏิบัติ/,สอบถามการอัปโหลดไฟล์ เนื่องจาก,ได้แจ้งขั้นตอนการปฏิบัติ และ,,,,,,,,,,
,โทร.021411075,,,,,,การใช้งาน,ส่งไม่ผ่าน,แนะนำการสแกนไฟล์เอกสาร,,,,,,,,,,
,,,,,,,,,ให้ชัดเจน เพื่อความสะดวกในการ,,,,,,,,,,
,,,,,,,,,อัปโหลดผ่านระบบ,,,,,,,,,,
,โทร.021410123,บุคคลทั่วไป,,,,,ขั้นตอนปฏิบัติ/,ผู้ฟ้องคดีได้ยื่นคำร้องอุทธรณ์คำสั่ง,คดีอยู่ในขั้นตอนดำเนินกระบวน,,,,,,,,,,
,โทร.021411075,,,,,,การใช้งาน,ลงวันที่ 6 พฤศจิกายน 2567 ,พิจารณาของศาล,,,,,,,,,,
,,,,,,,,อยากทราบความคืบหน้าว่าศาลมีคำสั่ง,,,,,,,,,,,
,,,,,,,,อย่างไร,,,,,,,,,,,
2024-12-25 00:00:00,โทร.021410123,บุคคลทั่วไป,,,,,ขั้นตอนปฏิบัติ/,ฟ้องคดีได้ยื่นคำขอส่งเอกสาร,ตรวจสอบในระบบแล้วยังไม่พบ,,,,,,,,,,
,โทร.021411075,,,,,,การใช้งาน,เพิ่มเติมตามคำสั่งศาลในระบบคดี,เอกสารตามที่แจ้งมา และได้,,,,,,,,,,
,,,,,,,ขั้นตอนปฏิบัติ/,อิเล็กทรอนิกส์ จึงอยากทราบว่าศาล,แจ้งเจ้าหน้าที่เทคนิคให้ตรวจสอบ,,,,,,,,,,
,,,,,,,การใช้งาน,ได้รับเอกสารที่ส่งมาหรือไม่,เพิ่มเติม พบว่าผู้ฟ้องคดีเลือกหัวข้อ,,,,,,,,,,
,,,,,,,,,เอกสารไม่ครบถ้วน ทำให้การยื่น,,,,,,,,,,
,,,,,,,,,เอกสารไม่สำเร็จ จึงได้แจ้งผู้ฟ้องคดี,,,,,,,,,,
,,,,,,,,,ให้ดำเนินการตามขั้นตอนอีกครั้ง,,,,,,,,,,
2024-12-25 00:00:00,โทร.021410123,บุคคลทั่วไป,,,,,ขั้นตอนปฏิบัติ/,ติดตามผลการยื่นคำร้องขอขยาย,ได้แจ้งเจ้าหน้าที่ผู้รับผิดชอบ,,,,,,,,,,
,โทร.021411075,,,,,,การใช้งาน,ระยะเวลา,เพื่อทราบและดำเนินการต่อไป,,,,,,,,,,
2025-01-01 00:00:00,โทร.021410123,บุคคลทั่วไป,,,,,ขั้นตอนปฏิบัติ/,ได้ยื่นคำขอขยายระยะเวลา,ตรวจสอบในระบบ พบว่าศาลได้มี,,,,,,,,,,
,โทร.021411075,,,,,,การใช้งาน,การยื่นคำแก้อุทธรณ์ เมื่อวันที่ ,หมายแจ้ง ธ.22 ส่งทางระบบ,,,,,,,,,,
,,,,,,,ขั้นตอนปฏิบัติ/,13 มกราคม 2568 จึงอยาก,อิเล็กทรอนิกส์ถึงผู้รับมอบอำนาจ ,,,,,,,,,,
,,,,,,,การใช้งาน,ทราบว่าศาลมีคำสั่งอย่างไร,เมื่อวันที่ 20 มกราคม 2568 ,,,,,,,,,,
,,,,,,,,,เวลา 14.25 น. ได้แจ้งผู้รับมอบ,,,,,,,,,,
,,,,,,,,,อำนาจทราบแล้ว,,,,,,,,,,
2025-01-01 00:00:00,โทร.021410123,บุคคลทั่วไป,,,,,ขั้นตอนปฏิบัติ/,ผู้รับมอบอำนาจได้ยื่นคำขอขยาย,ตรวจสอบในระบบพบว่าศาล,,,,,,,,,,
,โทร.021411075,,,,,,การใช้งาน,ระยะเวลาการยื่นคำแก้อุทธรณ์ ,ยังไม่มีคำสั่ง จึงได้แจ้งผู้รับมอบ,,,,,,,,,,
,,,,,,,,เมื่อวันที่ 20 มกราคม 2568 ,อำนาจว่าอยู่ระหว่างการพิจารณา,,,,,,,,,,
,,,,,,,,จึงอยากทราบว่าศาลมีคำสั่งอย่างไร,ของศาล และแจ้งเจ้าหน้าที่เพื่อ,,,,,,,,,,
,,,,,,,,,ดำเนินการต่อไป,,,,,,,,,,
2025-01-01 00:00:00,โทร.021410123,บุคคลทั่วไป,,,,,ขั้นตอนปฏิบัติ/,แจ้งว่าได้รับอีเมลแจ้งการส่งหมาย ,อาจเกิดจากความไม่เสถียรของ,,,,,,,,,,
,โทร.021411075,,,,,,การใช้งาน,ต.5 เมื่อเข้าสู่ระบบคดีเพื่อเปิดดูไฟล์,อินเทอร์เน็ต แนะนำให้รีเฟรช,,,,,,,,,,
,,,,,,,,เอกสารแนบ ไม่สามารถเปิดดูได้,หน้าจอ หรือลองออกจากระบบ,,,,,,,,,,
,,,,,,,,,แล้วเข้าสู่ระบบใหม่อีกครั้ง,,,,,,,,,,
2025-01-01 00:00:00,โทร.021410123,บุคคลทั่วไป,,,,,ขั้นตอนปฏิบัติ/,ผู้ร้องได้ยื่นคำขอตอบรับการใช้,ตรวจสอบในระบบพบว่ารับฟ้อง ,,,,,,,,,,
,โทร.021411075,,,,,,การใช้งาน,ระบบงานคดีอิเล็กทรอนิกส์ พร้อมทั้ง,ไม่ได้เพิ่มข้อมูลของผู้รับมอบอำนาจ,,,,,,,,,,
,,,,,,,,ยื่นหนังสือมอบอำนาจต่อศาลแล้ว ,เข้าสู่ระบบ จึงได้ประสานกับรับฟ้อง,,,,,,,,,,
,,,,,,,,จึงได้เข้าสู่ระบบงานคดีอิเล็กทรอนิกส์,เพื่อดำเนินการเพิ่มชื่อผู้รับมอบ,,,,,,,,,,
,,,,,,,,เพื่อดูเอกสารในคดี แต่ยังไม่สามารถ,อำนาจเรียบร้อยแล้ว,,,,,,,,,,
,,,,,,,,เปิดดูเอกสารได้ จึงขอสอบถามว่าต้อง,,,,,,,,,,,
,,,,,,,,ดำเนินการอย่างไรเพิ่มเติม,,,,,,,,,,,
2025-01-06 00:00:00,โทร.021410123,บุคคลทั่วไป,,,,,ขั้นตอนปฏิบัติ/,ผู้ฟ้องคดีได้ยื่นคำขอตรวจสำนวนคดี,คดีอยู่ในขั้นตอนการตรวจรับ,,,,,,,,,,
,โทร.021411075,,,,,,การใช้งาน,ลงวันที่ 6 กุมภาพันธ์ 2568 ขอเรียน,คำอุทธรณ์ของศาล เมื่อศาลมีคำสั่ง,,,,,,,,,,
,,,,,,,,สอบถามว่าศาลมีคำสั่งอนุญาตแล้ว,เกี่ยวกับคำขอดังกล่าว จะมีการแจ้ง,,,,,,,,,,
,,,,,,,,หรือไม่,ผู้ฟ้องคดีให้ทราบต่อไป,,,,,,,,,,
2025-01-08 00:00:00,โทร.021410123,บุคคลทั่วไป,,,,,ขั้นตอนปฏิบัติ/,ขอสอบถามขั้นตอนการลงทะเบียน,ได้แนะนำขั้นตอนการสมัครใช้งาน,,,,,,,,,,
,โทร.021411075,,,,,,การใช้งาน,เพื่อใช้งานระบบงานคดีอิเล็กทรอนิกส์,และลงทะเบียนเข้าสู่ระบบงานคดี,,,,,,,,,,
,,,,,,,,ของศาลปกครองสูงสุด,อิเล็กทรอนิกส์ตามระเบียบที่กำหนด,,,,,,,,,,
2025-01-08 00:00:00,โทร.021410123,บุคคลทั่วไป,,,,,ขั้นตอนปฏิบัติ/,ได้ยื่นคำขออื่นเพื่อขอขยายระยะเวลา,สอบถามพนักงานคดีปกครอง,,,,,,,,,,
,โทร.021411075,,,,,,การใช้งาน,ในการยื่นคำให้การออกไปอีก 30 วัน,เจ้าของสำนวน ได้รับแจ้งว่า,,,,,,,,,,
,,,,,,,ขั้นตอนปฏิบัติ/,ขอสอบถามว่า ศาลมีคำสั่งอนุญาต,ศาลมีคำสั่งอนุญาตตามคำขอแล้ว ,,,,,,,,,,
,,,,,,,การใช้งาน,หรือไม่,และจะมีการส่งหมายแจ้งให้ผู้ขอ,,,,,,,,,,
,,,,,,,,,คำปรึกษาทราบในลำดับต่อไป ,,,,,,,,,,
2025-01-14 00:00:00,โทร.021410123,บุคคลทั่วไป,,,,,ขั้นตอนปฏิบัติ/,ได้ยื่นคำขอขยายระยะเวลาในการจัด,ตรวจสอบในระบบพบว่า คำขอ,,,,,,,,,,
,โทร.021411075,,,,,,การใช้งาน,ทำคำแก้อุทธรณ์ ขอเรียนสอบถามว่า,ดังกล่าวอยู่ระหว่างการพิจารณา,,,,,,,,,,
,,,,,,,การใช้งาน,ศาลมีคำสั่งอนุญาตแล้วหรือไม่,ของศาล จึงได้แจ้งพนักงานคดี,,,,,,,,,,
,,,,,,,,,ปกครองเพื่อทราบ และต่อมาศาล,,,,,,,,,,
,,,,,,,,,มีคำสั่งอนุญาตตามคำขอแล้ว,,,,,,,,,,
2025-01-17 00:00:00,โทร.021410123,บุคคลทั่วไป,,,,,ขั้นตอนปฏิบัติ/,ขอสอบถามลำดับการเป็นผู้อุทธรณ์,ได้ตรวจสอบข้อมูลจากระบบ,,,,,,,,,,
,โทร.021411075,,,,,,การใช้งาน,และคู่กรณีในคดีอุทธรณ์ เนื่องจากเป็น,งานคดีปกครองแล้ว และแจ้งผู้ขอ,,,,,,,,,,
,,,,,,,ขั้นตอนปฏิบัติ/,การอุทธรณ์จากทั้งสองฝ่าย,คำปรึกษาให้ทราบรายละเอียด,,,,,,,,,,
,,,,,,,การใช้งาน,,เรียบร้อยแล้ว,,,,,,,,,,
2025-01-17 00:00:00,โทร.021410123,บุคคลทั่วไป,,,,,ขั้นตอนปฏิบัติ/,คำอุทธรณ์ของผู้ถูกฟ้องคดีที่ 1 ,ได้โทรปรึกษาพนักงานคดีปกครอง,,,,,,,,,,
,โทร.021411075,,,,,,การใช้งาน,ขาดเอกสารหน้าที่ 8 ขอสอบถามว่า,เพื่อตรวจสอบเอกสารในสำนวน,,,,,,,,,,
,,,,,,,,ศาลได้รับเอกสารดังกล่าวหรือไม่,พบว่าเอกสารในสำนวนมีครบถ้วน,,,,,,,,,,
,,,,,,,,,แล้ว จึงได้ดำเนินการสแกนเอกสาร,,,,,,,,,,
,,,,,,,,,ฉบับสมบูรณ์เข้าใหม่ในระบบ โดย ,,,,,,,,,,
,,,,,,,,,1) ลบไฟล์เดิม 2) สร้างหัวข้อใหม่ ,,,,,,,,,,
,,,,,,,,,3) สแกนและนำเข้าเอกสารใหม่,,,,,,,,,,
,,,,,,,,,ในระบบอิเล็กทรอนิกส์,,,,,,,,,,
2025-01-29 00:00:00,โทร.021410123,บุคคลทั่วไป,,,,,ขั้นตอนปฏิบัติ/,ได้รับหมาย ต.11.2 ลงวันที่ 25 ,ตรวจสอบในระบบงานคดีพบว่า ,,,,,,,,,,
,โทร.021411075,,,,,,การใช้งาน,กุมภาพันธ์ 2568 (ลำดับที่ 82) ทาง,เอกสารสรุปข้อเท็จจริงของตุลาการ,,,,,,,,,,
,,,,,,,,ระบบงานคดีอิเล็กทรอนิกส์ แต่ไม่พบ,เจ้าของสำนวน ฉบับลงวันที่ 25 ,,,,,,,,,,
,,,,,,,,สรุปข้อเท็จจริงของตุลาการเจ้าของ,กุมภาพันธ์ 2568 ปรากฏอยู่ใน,,,,,,,,,,
,,,,,,,,สำนวน,ลำดับที่ 78 ของเอกสารในสำนวน,,,,,,,,,,
,,,,,,,,,คดีอิเล็กทรอนิกส์ ,,,,,,,,,,
2025-01-30 00:00:00,โทร.021410123,บุคคลทั่วไป,,,,,ขั้นตอนปฏิบัติ/,ผู้รับมอบอำนาจช่วงฝ่ายผู้ถูกฟ้องคดี,จากการตรวจสอบในระบบงาน,,,,,,,,,,
,โทร.021411075,,,,,,การใช้งาน,ได้ลงทะเบียนเข้าใช้งานระบบงานคดี,คดีปกครอง คดีหมายเลขดำที่ ,,,,,,,,,,
,,,,,,,,อิเล็กทรอนิกส์แล้ว แต่ไม่สามารถ,อ. 1203/2565 และ ,,,,,,,,,,
,,,,,,,,กรอกข้อมูลเพื่อยืนยันตัวตนได้ โดย,อ. 1229/2565  พบว่า ยังไม่มี,,,,,,,,,,
,,,,,,,,ระบบแสดงข้อความว่า ,เอกสารหนังสือมอบอำนาจของ,,,,,,,,,,
,,,,,,,,"""ตรวจสอบแล้วท่านไม่ใช่บุคคลในคดี"" ",บริษัท ทรู คอร์ปอเรชั่น จำกัด ,,,,,,,,,,
,,,,,,,,จึงขอสอบถามแนวทางการแก้ไขปัญหา,(มหาชน) ลงวันที่ 5 สิงหาคม ,,,,,,,,,,
,,,,,,,,,2559 แนบไว้ในสำนวนคดี ,,,,,,,,,,
,,,,,,,,,จึงได้โทรศัพท์แจ้งผู้ขอคำปรึกษา,,,,,,,,,,
,,,,,,,,,เพื่อทราบ และให้ดำเนินการยื่น,,,,,,,,,,
,,,,,,,,,เอกสารการมอบอำนาจเพิ่มเติม,,,,,,,,,,
,,,,,,,,,เข้ามาในระบบ,,,,,,,,,,
2025-01-31 00:00:00,โทร.021410123,บุคคลทั่วไป,,,,,ขั้นตอนปฏิบัติ/,ได้ยื่นคำขอขยายระยะเวลาในการยื่น,ได้ประสานงานกับพนักงานคดี,,,,,,,,,,
,โทร.021411075,,,,,,การใช้งาน,คำให้การเข้ามาทางระบบ,ปกครองเพื่อแจ้งคู่กรณีเบื้องต้นว่า ,,,,,,,,,,
,,,,,,,,อิเล็กทรอนิกส์ เมื่อวันที่ 3 มีนาคม ,ศาลมีคำสั่งอนุญาตตามคำขอ,,,,,,,,,,
,,,,,,,,2568 ขอสอบถามว่าศาลมีคำสั่ง,ดังกล่าวแล้ว และเมื่อมีคำสั่งเป็น,,,,,,,,,,
,,,,,,,,อย่างไร,ทางการ สามารถเข้าตรวจสอบได้,,,,,,,,,,
,,,,,,,,,ในระบบงานคดีอิเล็กทรอนิกส์,,,,,,,,,,
2025-02-06 00:00:00,โทร.021410123,บุคคลทั่วไป,,,,,ขั้นตอนปฏิบัติ/,ในใบคำขอมีการลงวันที่ผิดเป็น,การลงวันที่ผิดไม่มีผลกระทบต่อ,,,,,,,,,,
,โทร.021411075,,,,,,การใช้งาน,วันที่ 31 มกราคม 2568 ซึ่งวันที่,วันยื่นคำขอ เนื่องจากศาลถือวันที่,,,,,,,,,,
,,,,,,,,ที่ถูกต้องคือ 3 มีนาคม 2568 ,ส่งเอกสารผ่านระบบอิเล็กทรอนิกส์,,,,,,,,,,
,,,,,,,,ขอสอบถามว่าการลงวันที่ผิดจะมีผลต่อ,เป็นหลัก,,,,,,,,,,
,,,,,,,,วันยื่นหรือไม่,,,,,,,,,,,
2025-02-14 00:00:00,โทร.021410123,บุคคลทั่วไป,,,,,ขั้นตอนปฏิบัติ/,ขอสอบถามขั้นตอนการเข้าใช้งานระบบ,ได้แนะนำขั้นตอนการลงทะเบียน,,,,,,,,,,
,โทร.021411075,,,,,,การใช้งาน,งานคดีอิเล็กทรอนิกส์ และการยื่น,และสมัครเข้าใช้งานระบบงาน,,,,,,,,,,
,,,,,,,,เอกสารหนังสือมอบอำนาจผ่านระบบ,คดีอิเล็กทรอนิกส์ พร้อมทั้งอธิบาย,,,,,,,,,,
,,,,,,,,อิเล็กทรอนิกส์,วิธีการยื่นเอกสารหนังสือมอบอำนาจ,,,,,,,,,,
,,,,,,,,,ผ่านระบบให้แก่ผู้สอบถาม,,,,,,,,,,
,,,,,,,,,เรียบร้อยแล้ว,,,,,,,,,,
2025-02-18 00:00:00,โทร.021410123,บุคคลทั่วไป,,,,,ขั้นตอนปฏิบัติ/,ได้ยื่นคำขอขยายระยะเวลาใน,เมื่อศาลมีคำสั่งอนุญาตแล้ว ขั้นตอน,,,,,,,,,,
,โทร.021411075,,,,,,การใช้งาน,การดำเนินการบางประการ ,ต่อไปจะเป็นการออกหมายแจ้ง,,,,,,,,,,
,,,,,,,,ขอสอบถามว่าศาลมีคำสั่งอนุญาต,คำสั่งศาลให้คู่กรณีทราบ,,,,,,,,,,
,,,,,,,,หรือไม่,,,,,,,,,,,
2025-02-20 00:00:00,โทร.021410123,บุคคลทั่วไป,,,,,ขั้นตอนปฏิบัติ/,ได้รับหมาย ต.5 ทางระบบงาน,ได้ตรวจสอบในระบบงาน,,,,,,,,,,
,โทร.021411075,,,,,,การใช้งาน,งานคดีอิเล็กทรอนิกส์ แต่ยังไม่ได้รับ,คดีอิเล็กทรอนิกส์ พบว่า ,,,,,,,,,,
,,,,,,,,เอกสารแนบซึ่งเป็นคำอุทธรณ์ ,พนักงานคดีปกครองยังไม่ได้,,,,,,,,,,
,,,,,,,,จึงขอสอบถามว่าศาลได้นำเข้าเอกสาร,ดำเนินการนำเข้าเอกสารคำอุทธรณ์,,,,,,,,,,
,,,,,,,,คำอุทธรณ์แล้วหรือไม่ ,ดังกล่าว จึงได้ดำเนินการนำเข้า,,,,,,,,,,
,,,,,,,,,เอกสารคำอุทธรณ์เข้าสู่ระบบ,,,,,,,,,,
,,,,,,,,,เรียบร้อยแล้ว,,,,,,,,,,
2025-02-28 00:00:00,โทร.021410123,บุคคลทั่วไป,,,,,ขั้นตอนปฏิบัติ/,ผู้ขอคำปรึกษาได้สอบถามเกี่ยวกับ,ได้แนะนำขั้นตอนการยื่น,,,,,,,,,,
,โทร.021411075,,,,,,การใช้งาน,ขั้นตอนการยื่นคำแก้อุทธรณ์ในระบบ,คำแก้อุทธรณ์ในระบบงานคดี,,,,,,,,,,
,,,,,,,,งานคดีอิเล็กทรอนิกส์,อิเล็กทรอนิกส์โดยละเอียดแก่,,,,,,,,,,
,,,,,,,,,ผู้ขอคำปรึกษาเรียบร้อยแล้ว,,,,,,,,,,
2025-03-03 00:00:00,โทร.021410123,บุคคลทั่วไป,,,,,ขั้นตอนปฏิบัติ/,ผู้รับมอบอำนาจไม่สามารถเข้าดู,ได้ตรวจสอบในระบบพบว่า ,,,,,,,,,,
,โทร.021411075,,,,,,การใช้งาน,สำนวนคดีในระบบงานคดี,ผู้รับมอบอำนาจได้ยื่นคำแถลง,,,,,,,,,,
,,,,,,,,อิเล็กทรอนิกส์ได้,พร้อมแนบหนังสือมอบอำนาจผ่าน,,,,,,,,,,
,,,,,,,,,ระบบอิเล็กทรอนิกส์แล้วแต่ศาล,,,,,,,,,,
,,,,,,,,,ยังไม่ได้เพิ่มรายชื่อผู้รับมอบอำนาจ,,,,,,,,,,
,,,,,,,,,เข้าสู่ระบบ จึงได้ดำเนินการเพิ่ม,,,,,,,,,,
,,,,,,,,,ข้อมูลของผู้รับมอบอำนาจใน,,,,,,,,,,
,,,,,,,,,ระบบงานคดีอิเล็กทรอนิกส์,,,,,,,,,,
,,,,,,,,,เรียบร้อยแล้ว,,,,,,,,,,
2025-03-05 00:00:00,โทร.021410123,บุคคลทั่วไป,,,,,ขั้นตอนปฏิบัติ/,ได้รับหมาย ต.5 ทางระบบงาน,ได้ตรวจสอบแล้วพบว่า เอกสาร,,,,,,,,,,
,โทร.021411075,,,,,,การใช้งาน,คดีอิเล็กทรอนิกส์ แต่ยังไม่ได้รับ,คำอุทธรณ์ลงวันที่ 20 มีนาคม,,,,,,,,,,
,,,,,,,,เอกสารคำอุทธรณ์ จึงไม่สามารถ,2566 อยู่ในลำดับที่ 1 ของเอกสาร,,,,,,,,,,
,,,,,,,,เปิดดูได้,ในหน้าสำนวนคดีอิเล็กทรอนิกส์,,,,,,,,,,
,,,,,,,,,จึงได้แจ้งให้ผู้ขอคำปรึกษาเปิดดู,,,,,,,,,,
,,,,,,,,,เอกสารในระบบ,,,,,,,,,,
2025-03-11 00:00:00,โทร.021410123,บุคคลทั่วไป,,,,,ขั้นตอนปฏิบัติ/,ได้ยื่นคำขอขยายระยะเวลาใน,ได้ประสานกับพนักงานคดีปกครอง,,,,,,,,,,
,โทร.021411075,,,,,,การใช้งาน,การจัดทำคำแก้อุทธรณ์ลงวันที่ 26,ได้รับแจ้งว่าศาลมีคำสั่งอนุญาตตาม,,,,,,,,,,
,,,,,,,, มีนาคม 2568 ขอเรียนสอบถามว่า,คำขอดังกล่าวแล้ว และจะมีการ,,,,,,,,,,
,,,,,,,,ศาลมีคำสั่งอนุญาตหรือไม่,ส่งหมายแจ้งให้คู่กรณีทราบอีกครั้ง,,,,,,,,,,
2025-03-20 00:00:00,โทร.021410123,บุคคลทั่วไป,,,,,ขั้นตอนปฏิบัติ/,ขอสอบถามขั้นตอนการลงทะเบียน,แจ้งขั้นตอนการลงทะเบียนเข้าใช้,,,,,,,,,,
,โทร.021411075,,,,,,การใช้งาน,การใช้งานระบบงานคดีอิเล็กทรอนิกส์,งานระบบงานคดีอิเล็กทรอนิกส์,,,,,,,,,,
,,,,,,,,และขั้นตอนการยื่นเอกสารทาง,พร้อมแนะนำวิธีการยื่นเอกสารผ่าน,,,,,,,,,,
,,,,,,,,อิเล็กทรอนิกส์,ระบบงานดังกล่าว,,,,,,,,,,
2025-03-26 00:00:00,โทร.021410123,บุคคลทั่วไป,,,,,ขั้นตอนปฏิบัติ/,สอบถามขั้นตอนการเข้าดูหมาย,แนะนำขั้นตอนการเข้าดูหมาย,,,,,,,,,,
,โทร.021411075,,,,,,การใช้งาน,ในระบบงานคดีอิเล็กทรอนิกส์,ในระบบงานคดีอิเล็กทรอนิกส์ ,,,,,,,,,,
,,,,,,,,,พร้อมแจ้งหมายเลขหรือลำดับหมาย,,,,,,,,,,
,,,,,,,,,ที่ต้องการเปิดดู,,,,,,,,,,
2025-03-27 00:00:00,โทร.021410123,บุคคลทั่วไป,,,,,ขั้นตอนปฏิบัติ/,คู่กรณีสอบถามคำสั่งศาลในกรณี,ได้ประสานงานพนักงานคดีปกครอง,,,,,,,,,,
,โทร.021411075,,,,,,การใช้งาน,ยื่นคำแก้อุทธรณ์ลงวันที่ 3 เมษายน ,เจ้าของสำนวน เพื่อสอบถามข้อมูล,,,,,,,,,,
,,,,,,,,2568 ซึ่งเกินระยะเวลาที่ศาลกำหนด ,และแจ้งให้ทราบภายหลัง,,,,,,,,,,
,,,,,,,,(หมายเหตุ: แจ้งคู่กรณีว่าจะสอบถาม,,,,,,,,,,,
,,,,,,,,ข้อมูลเพิ่มเติมอีกครั้งในวันถัดไป),,,,,,,,,,,
2025-03-30 00:00:00,โทร.021410123,บุคคลทั่วไป,,,,,ขั้นตอนปฏิบัติ/,กรณียื่นคำแก้อุทธรณ์โดยไม่ได้,แจ้งให้ทราบว่า เมื่อเอกสารถูกยื่น,,,,,,,,,,
,โทร.021411075,,,,,,การใช้งาน,ลงลายมือชื่อ ถือว่าการยื่นถูกต้อง,ผ่านระบบอิเล็กทรอนิกส์แล้ว ถือว่า,,,,,,,,,,
,,,,,,,,หรือไม่,การยื่นได้รับการลงลายมือชื่อหรือ,,,,,,,,,,
,,,,,,,,,รับรองเอกสารนั้นแล้ว ตามกฎหมาย,,,,,,,,,,
2025-04-03 00:00:00,โทร.021410123,บุคคลทั่วไป,,,,,ขั้นตอนปฏิบัติ/,ได้ยื่นคำขอขยายระยะเวลา,ได้ประสานงานพนักงานคดีปกครอง,,,,,,,,,,
,โทร.021411075,,,,,,การใช้งาน,ลงวันที่ 8 เมษายน 2568 ขอทราบว่า,แจ้งว่า ศาลมีคำสั่งอนุญาตและจะมี ,,,,,,,,,,
,,,,,,,,ศาลมีคำสั่งอย่างไร,หมายแจ้งคำสั่งเพื่อทราบต่อไป,,,,,,,,,,
2025-04-04 00:00:00,โทร.021410123,บุคคลทั่วไป,,,,,ขั้นตอนปฏิบัติ/,ได้ยื่นคำขอขยายระยะเวลา,ได้ประสานงานพนักงานคดีปกครอง,,,,,,,,,,
,โทร.021411075,,,,,,การใช้งาน,ลงวันที่ 11 เมษายน 2568 ,แจ้งว่า ศาลมีคำสั่งอนุญาตและจะ ,,,,,,,,,,
,,,,,,,,ขอทราบว่าศาลมีคำสั่งอย่างไร,ออกหมายแจ้งให้คู่กรณีทราบต่อไป,,,,,,,,,,
2025-04-11 00:00:00,โทร.021410123,บุคคลทั่วไป,,,,,ขั้นตอนปฏิบัติ/,ผู้ถูกฟ้องคดีที่ 3 ต้องการยื่น,จากการตรวจสอบพบว่า ในระบบ,,,,,,,,,,
,โทร.021411075,,,,,,การใช้งาน,คำแก้อุทธรณ์ในระบบ แต่ไม่พบ,ของศาลต้นทางสถานะผู้ถูกฟ้องคดี,,,,,,,,,,
,,,,,,,,สถานะผู้ถูกฟ้องคดีที่ 3 ให้เลือก,ที่ 3 ยังเป็นสถานะเดิม แต่ในระบบ,,,,,,,,,,
,,,,,,,,,ของศาลปกครองสูงสุด สถานะ,,,,,,,,,,
,,,,,,,,,ผู้ถูกฟ้องคดีที่ 3 คือ ผู้อุทธรณ์ที่ 2,,,,,,,,,,
,,,,,,,,,จึงแจ้งให้เลือกสถานะเป็นผู้อุทธรณ์,,,,,,,,,,
,,,,,,,,,ที่ 2 เพื่อยื่นคำแก้อุทธรณ์ในระบบ,,,,,,,,,,
2025-04-22 00:00:00,โทร.021410123,บุคคลทั่วไป,,,,,ขั้นตอนปฏิบัติ/,สอบถามการยื่นคำขอขยายระยะ,ได้ประสานงานพนักงานคดีปกครอง,,,,,,,,,,
,โทร.021411075,,,,,,การใช้งาน,เวลาลงวันที่ 23 เมษายน 2568 ,แจ้งว่า ศาลมีคำสั่งให้แก้ไขคำขอ,,,,,,,,,,
,,,,,,,,ศาลมีคำสั่งอย่างไร,จากสถานะผู้ถูกฟ้องคดีที่ 2 เป็น,,,,,,,,,,
,,,,,,,,,ผู้ฟ้องคดีที่ 2 และให้ยื่นคำขอใหม่,,,,,,,,,,
,,,,,,,,,อีกครั้ง พร้อมโทรแจ้งผู้เกี่ยวข้อง ,,,,,,,,,,
,,,,,,,,,เพื่อทราบแล้ว,,,,,,,,,,
2025-04-24 00:00:00,โทร.021410123,บุคคลทั่วไป,,,,,ขั้นตอนปฏิบัติ/,สอบถามการยื่นหนังสือตอบรับ,ได้ประสานงานพนักงานคดีปกครอง,,,,,,,,,,
,โทร.021411075,,,,,,การใช้งาน,การใช้ระบบงานคดีปกครอง,เพื่อตรวจสอบหนังสือมอบอำนาจ,,,,,,,,,,
,,,,,,,,ลงวันที่ 24 เมษายน 2568 และ,และเสนอให้ผู้มีอำนาจพิจารณา,,,,,,,,,,
,,,,,,,,การยื่นหนังสือมอบอำนาจช่วง,ต่อไป,,,,,,,,,,
2025-05-13 00:00:00,โทร.021410123,บุคคลทั่วไป,,,,,ขั้นตอนปฏิบัติ/,สอบถามการยื่นคำขอขยายระยะเวลา,ได้ประสานงานพนักงานคดีปกครอง,,,,,,,,,,
,โทร.021411075,,,,,,การใช้งาน,ยื่นคำแก้อุทธรณ์ ฉบับลงวันที่ ,แจ้งว่า ผู้ฟ้องคดีอีกรายได้ยื่นคำแก้,,,,,,,,,,
,,,,,,,,1 พฤษภาคม 2568 ว่าศาลมีคำสั่ง,อุทธรณ์ ฉบับลงวันที่ 4 เมษายน,,,,,,,,,,
,,,,,,,,หรือไม่อย่างไร,2568 มาแล้ว ศาลจึงยังไม่มีคำสั่ง,,,,,,,,,,
,,,,,,,,,เกี่ยวกับคำขอขยายระยะเวลา,,,,,,,,,,
,,,,,,,,,ฉบับลงวันที่ 1 พฤษภาคม 2568,,,,,,,,,,
,,,,,,,,,พร้อมแจ้งให้ผู้ที่เกี่ยวข้องทราบแล้ว,,,,,,,,,,
2025-05-16 00:00:00,โทร.021410123,บุคคลทั่วไป,,,,,ขั้นตอนปฏิบัติ/,สอบถามความคืบหน้าเกี่ยวกับการยื่น,ได้ประสานงานพนักงานคดีปกครอง,,,,,,,,,,
,โทร.021411075,,,,,,การใช้งาน,คำขอขยายระยะเวลาการยื่นคำแก้,แจ้งว่า อยู่ระหว่างการมีคำสั่ง,,,,,,,,,,
,,,,,,,,อุทธรณ์ ลงวันที่ 16 พฤษภาคม 2568,ของศาล,,,,,,,,,,
,,,,,,,,2568,,,,,,,,,,,
2025-05-20 00:00:00,โทร.021410123,บุคคลทั่วไป,,,,,ขั้นตอนปฏิบัติ/,กรณีลืมรหัสผ่าน (Password) และ,สำหรับกรณีลืมรหัสผ่าน,,,,,,,,,,
,โทร.021411075,,,,,,การใช้งาน,อีเมล จึงไม่สามารถเข้าระบบงานคดี,หรือชื่อผู้ใช้ให้ดำเนินการดังนี้,,,,,,,,,,
,,,,,,,,อิเล็กทรอนิกส์ที่เคยสมัครไว้ได้ ,- เลือกเมนู “ลืมรหัสผ่าน/ชื่อผู้ใช้”,,,,,,,,,,
,,,,,,,,ต้องดำเนินการอย่างไร,- กรอกเลขบัตรประจำตัวประชาชน ,,,,,,,,,,
,,,,,,,,,และอีเมลที่ลงทะเบียนไว้,,,,,,,,,,
,,,,,,,,,- กดค้นหา ระบบจะถามคำถาม,,,,,,,,,,
,,,,,,,,,ความปลอดภัย เช่น สีที่ชอบ ,,,,,,,,,,
,,,,,,,,,ให้ตอบตามที่เคยตั้งไว้ หากจำไม่ได้,,,,,,,,,,
,,,,,,,,,ให้กดตกลงระบบจะแสดงปุ่ม,,,,,,,,,,
,,,,,,,,,ตั้งค่ารหัสผ่านชั่วคราว ให้คลิก,,,,,,,,,,
,,,,,,,,,เพื่อกำหนดรหัสผ่านใหม่ ,,,,,,,,,,
,,,,,,,,,รหัสผ่านชั่วคราวจะถูกส่งไปยัง,,,,,,,,,,
,,,,,,,,,อีเมลที่แจ้งไว้ ให้คลิกลิงก์ในอีเมล,,,,,,,,,,
,,,,,,,,,เพื่อเข้าใช้งานระบบ,,,,,,,,,,
,,,,,,,,,กรณีลืมอีเมลที่เคยลงทะเบียนไว้ ,,,,,,,,,,
,,,,,,,,,ให้ดำเนินการดังนี้,,,,,,,,,,
,,,,,,,,,- สมัครเข้าใช้งานระบบใหม่ ,,,,,,,,,,
,,,,,,,,,โดยนำสำเนาบัตรประชาชนมา,,,,,,,,,,
,,,,,,,,,แสดงต่อเจ้าหน้าที่ศาล พร้อมเขียน,,,,,,,,,,
,,,,,,,,,คำขอแจ้งเปลี่ยนอีเมล,,,,,,,,,,
,,,,,,,,,- เจ้าหน้าที่ดำเนินการแก้ไขข้อมูล ,,,,,,,,,,
,,,,,,,,,พร้อมรับข้อมูลชื่อ และเบอร์,,,,,,,,,,
,,,,,,,,,โทรศัพท์ติดต่อ,,,,,,,,,,
2025-05-26 00:00:00,โทร.021410123,บุคคลทั่วไป,,,,,ขั้นตอนปฏิบัติ/,ธ.19 ที่สำนักงานศาลส่งไปยัง,ได้ตรวจสอบในระบบและแจ้งข้อมูล,,,,,,,,,,
,โทร.021411075,,,,,,การใช้งาน,ผู้เกี่ยวข้องเป็นหนังสือนำส่งของ,ดังกล่าวให้กับผู้เกี่ยวข้องทราบแล้ว,,,,,,,,,,
,,,,,,,,เอกสารรายการใด,,,,,,,,,,,
2025-05-29 00:00:00,โทร.021410123,บุคคลทั่วไป,,,,,ขั้นตอนปฏิบัติ/,สอบถามเกี่ยวกับการยื่นคำแก้อุทธรณ์,ตรวจสอบในระบบพบว่าศาลมีคำสั่ง,,,,,,,,,,
,โทร.021411075,,,,,,การใช้งาน,ลงวันที่ 3 เมษายน 2568 ,รับคำแก้อุทธรณ์แล้ว และได้แจ้งส่ง,,,,,,,,,,
,,,,,,,,ว่ามีคำสั่งอย่างไร,คำแก้อุทธรณ์ให้ผู้อุทธรณ์ทราบเป็น,,,,,,,,,,
,,,,,,,,,ที่เรียบร้อย,,,,,,,,,,
2025-05-30 00:00:00,โทร.021410123,บุคคลทั่วไป,,,,,ขั้นตอนปฏิบัติ/,ได้รับแจ้งจากศาลปกครองสูงสุด,ขั้นตอนการยกเลิกคำฟ้อง มีดังนี้,,,,,,,,,,
,โทร.021411075,,,,,,การใช้งาน,เรื่องการยื่นคำฟ้องผิดศาล จึงสอบถาม,- เข้าสู่ระบบอีเมลของผู้ยื่นคำฟ้อง,,,,,,,,,,
,,,,,,,,ว่าจะดำเนินการยกเลิกคำฟ้องที่ยื่นผิด,- ส่งอีเมลถึงศาลปกครองสูงสุด,,,,,,,,,,
,,,,,,,,อย่างไร, - ระบุข้อความขอยกเลิกคำฟ้องที่,,,,,,,,,,
,,,,,,,,,ยื่นผิด พร้อมแนบเลขรหัสคำฟ้อง,,,,,,,,,,
,,,,,,,,,ชั่วคราวที่ศาลส่งให้ศาลปกครอง,,,,,,,,,,
,,,,,,,,,สูงสุดจะดำเนินการยกเลิกรหัส,,,,,,,,,,
,,,,,,,,,คำฟ้องชั่วคราวให้,,,,,,,,,,
2025-06-05 00:00:00,โทร.021410123,บุคคลทั่วไป,,,,,ขั้นตอนปฏิบัติ/,สอบถามความคืบหน้าของคดีว่า,ตรวจสอบความเคลื่อนไหวของคดี,,,,,,,,,,
,โทร.021411075,,,,,,การใช้งาน,อยู่ในขั้นตอนใดบ้าง,ในระบบ ADM CASE พบว่าอยู่ใน,,,,,,,,,,
,,,,,,,,,ขั้นตอนการออกเลขคดีแดงและแจ้ง,,,,,,,,,,
,,,,,,,,,ให้ผู้เกี่ยวข้องทราบเรียบร้อยแล้ว,,,,,,,,,,
2025-06-06 00:00:00,โทร.021410123,บุคคลทั่วไป,,,,,ขั้นตอนปฏิบัติ/,ได้ยื่นคำขอขยายระยะเวลายื่นคำแก้,ได้ประสานงานพนักงานคดีปกครอง,,,,,,,,,,
,โทร.021411075,,,,,,การใช้งาน,อุทธรณ์ ลงวันที่ 21 พฤษภาคม ,เพื่อเสนอศาลทราบว่าศาลมีคำสั่ง,,,,,,,,,,
,,,,,,,,2568 อยากทราบว่า ศาลมีคำสั่ง,อนุญาตให้ขยายระยะเวลาถึงวันที่,,,,,,,,,,
,,,,,,,,อนุญาตหรือไม่อย่างไร,29 มิถุนายน 2568 ตามคำขอ,,,,,,,,,,
2025-06-12 00:00:00,โทร.021410123,บุคคลทั่วไป,,,,,ขั้นตอนปฏิบัติ/,ได้ยื่นคำขอขยายระยะเวลายื่นคำแก้,ได้ประสานงานพนักงานคดีปกครอง,,,,,,,,,,
,โทร.021411075,,,,,,การใช้งาน,อุทธรณ์ ลงวันที่ 9 มิถุนายน 2568,เพื่อเสนอศาลทราบว่าศาลมีคำสั่ง,,,,,,,,,,
,,,,,,,,อยากทราบว่า ศาลมีคำสั่งอย่างไร,อนุญาตให้ขยายระยะเวลาตาม,,,,,,,,,,
,,,,,,,,,คำขอแล้ว,,,,,,,,,,
2025-06-13 00:00:00,โทร.021410123,บุคคลทั่วไป,,,,,ขั้นตอนปฏิบัติ/,ได้ยื่นคำขอขยายระยะเวลายื่นคำแก้,ได้ประสานงานพนักงานคดีปกครอง,,,,,,,,,,
,โทร.021411075,,,,,,การใช้งาน,อุทธรณ์ ลงวันที่ 5 มิถุนายน 2568,เพื่อเสนอศาลเพื่อพิจารณาคำขอ ,,,,,,,,,,
,,,,,,,,อยากทราบว่าศาลมีคำสั่งอย่างไร,,,,,,,,,,,
2025-06-16 00:00:00,โทร.021410123,บุคคลทั่วไป,,,,,ขั้นตอนปฏิบัติ/,ได้ยื่นคำแก้อุทธรณ์ ลงวันที่ 12 ,ตรวจสอบในระบบคดีอิเล็กทรอนิกส์,,,,,,,,,,
,โทร.021411075,,,,,,การใช้งาน,มิถุนายน 2568 อยากทราบว่า,พบว่าศาลได้รับคำแก้อุทธรณ์,,,,,,,,,,
,,,,,,,,ศาลได้รับคำแก้อุทธรณ์แล้วหรือยัง,เรียบร้อยแล้ว เมื่อวันที่ 13 มิถุนายน,,,,,,,,,,
,,,,,,,,,2568 และได้แจ้งคู่กรณีทราบแล้ว ,,,,,,,,,,
2025-06-17 00:00:00,โทร.021410123,บุคคลทั่วไป,,,,,ขั้นตอนปฏิบัติ/,กรมที่ดินแจ้งว่า ศาลได้มีหมาย ต.5,ได้ประสานกลุ่มออกหมาย,,,,,,,,,,
,โทร.021411075,,,,,,การใช้งาน,ส่งถึงผู้รับมอบอำนาจคนเก่า  ,เพื่อเพิ่มชื่อผู้รับมอบอำนาจคนใหม่,,,,,,,,,,
,,,,,,,,แต่กรมที่ดินได้ยื่นหนังสือตอบรับการ,ในระบบ และประสานพนักงานคดี,,,,,,,,,,
,,,,,,,,ใช้ระบบงานคดีปกครองอิเล็กทรอนิกส์ ,ปกครองเพื่อจัดทำหมายใหม่ส่งถึง,,,,,,,,,,
,,,,,,,,พร้อมยื่นหนังสือมอบอำนาจคนใหม่,ผู้รับมอบอำนาจคนใหม่อีกครั้ง,,,,,,,,,,
,,,,,,,,เมื่อวันที่ 24 มีนาคม 2568 ,,,,,,,,,,,
,,,,,,,,จะดำเนินการอย่างไร,,,,,,,,,,,
2025-06-20 00:00:00,โทร.021410123,บุคคลทั่วไป,,,,,ขั้นตอนปฏิบัติ/,ได้เข้าระบบและเห็นเมนูหมาย ต.5 ,ตรวจสอบในระบบพบว่าคู่กรณี,,,,,,,,,,
,โทร.021411075,,,,,,การใช้งาน,แต่ไม่พบไฟล์ตราครุฑเมื่อคลิกดูหมาย ,ได้ใช้งานระบบอิเล็กทรอนิกส์ (e) ,,,,,,,,,,
,,,,,,,,สามารถดำเนินการอย่างไร,แต่เกิดข้อผิดพลาดจากการ,,,,,,,,,,
,,,,,,,,,ส่งหมายทางไปรษณีย์แก่คู่กรณี ,,,,,,,,,,
,,,,,,,,,จึงได้ดำเนินการจัดส่งหมายทาง,,,,,,,,,,
,,,,,,,,,ระบบ e ให้คู่กรณีใหม่อีกครั้ง และ,,,,,,,,,,
,,,,,,,,,ได้ประสานพนักงานคดีปกครอง,,,,,,,,,,
,,,,,,,,,เพื่อทราบแล้ว,,,,,,,,,,
2025-06-23 00:00:00,โทร.021410123,บุคคลทั่วไป,,,,,ขั้นตอนปฏิบัติ/,ได้รับหมาย ธ.22 ลงวันที่ 16 ,ตรวจสอบพบว่าผู้ร่างคำแถลง,,,,,,,,,,
,โทร.021411075,,,,,,การใช้งาน,มิถุนายน 2568 ทางระบบ e,ยังไม่ได้กดนำเข้าสำเนาคำแถลง,,,,,,,,,,
,,,,,,,, แต่ไม่มีสำเนาคำแถลง สามารถ,ในระบบ e เพื่อแจ้งคู่กรณี จึงได้,,,,,,,,,,
,,,,,,,,ดำเนินการอย่างไร,ประสานผู้ร่างให้ดำเนินการนำเข้า,,,,,,,,,,
,,,,,,,,,คำแถลง และแจ้งคู่กรณีให้เข้าสู่,,,,,,,,,,
,,,,,,,,,ระบบเพื่อตรวจสอบเอกสารอีกครั้ง,,,,,,,,,,
2025-06-25 00:00:00,โทร.021410123,บุคคลทั่วไป,,,,,ขั้นตอนปฏิบัติ/,ได้รับข้อความจากศาลส่งหมาย ต.11 ,ตรวจสอบพบว่าหมายแจ้ง ต.11,,,,,,,,,,
,โทร.021411075,,,,,,การใช้งาน,ในระบบ แต่ไม่สามารถเปิดดูหมาย,เป็นหมายเชิญนัดอ่านคำสั่งของ,,,,,,,,,,
,,,,,,,,ในคดีหมายเลข คร.469/67 ได้,ศาลปกครองสูงสุดในคดีดำเลขที่,,,,,,,,,,
,,,,,,,,,422/67 ผู้รับหมายต้องเข้าไปดู,,,,,,,,,,
,,,,,,,,,หมายในคดีของศาลปกครองกลาง,,,,,,,,,,
2025-07-09 00:00:00,โทร.021410123,บุคคลทั่วไป,,,,,ขั้นตอนปฏิบัติ/,ได้ยื่นคำขอขยายระยะเวลายื่นคำแก้,ตรวจสอบในระบบพบว่าศาลยังไม่มี,,,,,,,,,,
,โทร.021411075,,,,,,การใช้งาน,อุทธรณ์ ลงวันที่ 17 มิถุนายน 2568,คำสั่งในเรื่องดังกล่าว จึงได้แจ้ง,,,,,,,,,,
,,,,,,,,อยากทราบว่าศาลมีคำสั่งอนุญาต,พนักงานคดีปกครองเพื่อเสนอศาล,,,,,,,,,,
,,,,,,,,อนุญาตหรือไม่,และแจ้งผู้ยื่นคำขอให้เข้าสู่ระบบ,,,,,,,,,,
,,,,,,,,,เพื่อตรวจสอบคำสั่งในภายหลัง,,,,,,,,,,
2025-07-09 00:00:00,โทร.021410123,บุคคลทั่วไป,,,,,ขั้นตอนปฏิบัติ/,ได้รับคำสั่งศาล แต่พบว่าหนังสือคำสั่ง,"ตรวจสอบพบว่าหน้าคำสั่งที่ 2, 4 ",,,,,,,,,,
,โทร.021411075,,,,,,การใช้งาน,จำนวนหน้าไม่ครบถ้วน จะดำเนินการ,และ 6 ขาดไป จึงได้แจ้งเจ้าหน้าที่,,,,,,,,,,
,,,,,,,,อย่างไร,สารบบผู้รับผิดชอบดำเนินการ,,,,,,,,,,
,,,,,,,,,สแกนเอกสารเพิ่มเติมให้ครบถ้วน,,,,,,,,,,
2025-07-09 00:00:00,โทร.021410123,บุคคลทั่วไป,,,,,ขั้นตอนปฏิบัติ/,หากต้องการยื่นคำขอขยายระยะเวลา,ตรวจสอบพบว่าผู้ยื่นคำขอเป็น,,,,,,,,,,
,โทร.021411075,,,,,,การใช้งาน,ในระบบ e ควรเลือกฐานะใดในการ,ผู้รับมอบอำนาจฝ่ายคู่กรณีใน,,,,,,,,,,
,,,,,,,,ยื่นคำขอ,อุทธรณ์จึงแจ้งให้ใช้ฐานะ,,,,,,,,,,
,,,,,,,,,ผู้รับมอบอำนาจฝ่ายคู่กรณีใน,,,,,,,,,,
,,,,,,,,,การยื่นคำขอ,,,,,,,,,,
2025-07-09 00:00:00,โทร.021410123,บุคคลทั่วไป,,,,,ขั้นตอนปฏิบัติ/,ต้องการยื่นคำคัดค้านคำชี้แจงในระบบ,"แนะนำให้เลือกเมนู ""ยื่นคำร้อง/",,,,,,,,,,
,โทร.021411075,,,,,,การใช้งาน,e ควรเลือกเมนูใดในการยื่นคำคัดค้าน,"คำขอ"" ในระบบ e เพื่อดำเนินการ",,,,,,,,,,
,,,,,,,,ยื่นคำคัดค้าน,ยื่นคำคัดค้านคำชี้แจง,,,,,,,,,,
2025-07-24 00:00:00,โทร.021410123,บุคคลทั่วไป,,,,,ขั้นตอนปฏิบัติ/,ได้ใช้งานระบบ e ในศาลปกครอง,ตรวจสอบพบว่าในคดีศาลปกครอง,,,,,,,,,,
,โทร.021411075,,,,,,การใช้งาน,ชั้นต้น และได้ยื่นคำแก้อุทธรณ์เป็น,สูงสุด ยังไม่มีการยื่นเอกสาร,,,,,,,,,,
,,,,,,,,เอกสารกระดาษ แต่ไม่เห็นคำแก้,ผ่านระบบ e ดังนั้น จึงแนะนำให้,,,,,,,,,,
,,,,,,,,อุทธรณ์ในระบบ e ของศาลปกครอง,ยื่นคำแก้อุทธรณ์ผ่านระบบ e ,,,,,,,,,,
,,,,,,,,สูงสุด จะต้องดำเนินการอย่างไร,ของศาลปกครองสูงสุดก่อน,,,,,,,,,,
2025-07-24 00:00:00,โทร.021410123,บุคคลทั่วไป,,,,,ขั้นตอนปฏิบัติ/,ขอสอบถามขั้นตอนการยื่นคำคัดค้าน,ในช่องคำคัดค้านคำให้การ ,,,,,,,,,,
,โทร.021411075,,,,,,การใช้งาน,คำให้การและการอัปโหลดเอกสาร,ต้องกรอกข้อมูลสรุปสั้น ๆ หรือ,,,,,,,,,,
,,,,,,,,ในระบบ e,"ระบุว่า ""รายละเอียดปรากฏ",,,,,,,,,,
,,,,,,,,,"ตามเอกสาร""",,,,,,,,,,
,,,,,,,,,การอัปโหลดเอกสาร,,,,,,,,,,
,,,,,,,,,1. ระบบบังคับให้อัปโหลดไฟล์ ,,,,,,,,,,
,,,,,,,,,PDF และต้องกรอกจำนวนไฟล์,,,,,,,,,,
,,,,,,,,,กับจำนวนหน้า,,,,,,,,,,
,,,,,,,,,2. หากเอกสารเป็นไฟล์ Word ,,,,,,,,,,
,,,,,,,,,ให้แปลงเป็น PDF โดยใช้ฟังก์ชัน ,,,,,,,,,,
,,,,,,,,,"""Save as"" เป็น PDF ก่อนอัฟโหลด",,,,,,,,,,
2025-07-24 00:00:00,โทร.021410123,บุคคลทั่วไป,,,,,ขั้นตอนปฏิบัติ/,ได้ยื่นคำขอขยายระยะเวลายื่นคำแก้,ตรวจสอบพบว่าศาลมีคำสั่ง,,,,,,,,,,
,โทร.021411075,,,,,,การใช้งาน,อุทธรณ์ ลงวันที่ 7 กรกฎาคม 2568 ,อนุญาตให้ขยายระยะเวลาเป็น,,,,,,,,,,
,,,,,,,,ศาลมีคำสั่งอนุญาตหรือไม่,ครั้งสุดท้ายแล้ว,,,,,,,,,,
2025-07-24 00:00:00,โทร.021410123,บุคคลทั่วไป,,,,,ขั้นตอนปฏิบัติ/,ได้รับหมาย ต.10.5 ทางระบบ e ,ตรวจสอบพบว่าพนักงานคดี,,,,,,,,,,
,โทร.021411075,,,,,,การใช้งาน,แต่ไม่พบไฟล์ PDF คำแก้อุทธรณ์ที่จะ,ปกครองได้จัดทำหมาย ต.10.5 ,,,,,,,,,,
,,,,,,,,เปิดดูหรือดาวน์โหลดได้ จะต้อง,ทางระบบแล้ว แต่ยังไม่ได้กดนำเข้า,,,,,,,,,,
,,,,,,,,ดำเนินการอย่างไร,คำแก้อุทธรณ์เข้าระบบ e จึงได้,,,,,,,,,,
,,,,,,,,,ดำเนินการนำเข้าคำแก้อุทธรณ์,,,,,,,,,,
,,,,,,,,,เข้าสู่ระบบ e แล้ว,,,,,,,,,,
,,,,,,,,,,,,,,,,,,ศาลปกครองมีอำนาจหน้าที่อย่างไร,"ศาลปกครองมีอำนาจพิจารณาพิพากษาคดีปกครองอันเนื่อง
มาจากการใช้อำนาจทางปกครองตามกฎหมายหรือเนื่องมาจากการดำเนินกิจการทางปกครอง ทั้งนี้ ตามที่กฎหมายบัญญัติ 
แต่ไม่รวมถึงการวินิจฉัยชี้ขาดขององค์กรอิสระซึ่งเป็นการใช้อำนาจโดยตรงตามรัฐธรรมนูญขององค์กรอิสระนั้นๆ"
,,,,,,,,,,,,,,,,,,ศาลปกครองมีกี่ชั้นศาล,"ศาลปกครองมี 2 ชั้นศาล คือ  1) ศาลปกครองสูงสุด
2) ศาลปกครองชั้นต้น ซึ่งแบ่งออกเป็น
2.1) ศาลปกครองกลาง
2.2) ศาลปกครองในภูมิภาค"
,,,,,,,,,,,,,,,,,,เขตอำนาจของศาลปกครองสูงสุดเป็นอย่างไร,"ศาลปกครองสูงสุดตั้งอยู่ที่กรุงเทพมหานครมีเขตอำนาจ
ศาลทั่วราชอาณาจักร ดังนั้น คดีที่อยู่ในอำนาจของศาลปกครอง
สูงสุด ไม่ว่ามูลคดีจะเกิดที่ใด หรือผู้ฟ้องคดีมีภูมิลำเนาอยู่ที่ใด
จะต้องยื่นฟ้องคดีต่อศาลปกครองสูงสุด"
,,,,,,,,,,,,,,,,,,การยื่นคำฟ้องต่อศาลปกครองสูงสุดจะต้องดำเนินการอย่างไร,"1) ยื่นฟ้องคดีต่อศาลปกครองสูงสุดโดยตรง โดยยื่นต่อ
พนักงานเจ้าหน้าที่ของศาลปกครองสูงสุด ณ อาคารที่ทำการ
ศาลปกครอง กรุงเทพมหานคร หรือ
2) ยื่นคำฟ้องโดยส่งทางไปรษณีย์ลงทะเบียนไปยังสำนักงาน
ศาลปกครองสูงสุด เลขที่ 120 หมู่ที่ 3 ถนนแจ้งวัฒนะ 
แขวงทุ่งสองห้อง เขตหลักสี่ กรุงเทพมหานคร 10210
3) ยื่นผ่านระบบงานคดีปกครองอิเล็กทรอนิกส์ 
(ทางเว็บไซต์ http://elitigation.admincourt.go.th)"
,,,,,,,,,,,,,,,,,,บุคคลใดบ้างที่มีสิทธิฟ้องคดีต่อศาลปกครอง,"ผู้ฟ้องคดีจะต้องเป็นผู้ที่ได้รับความเดือดร้อนหรือเสียหาย
หรืออาจจะเดือดร้อนหรือเสียหาย โดยมิอาจหลีกเลี่ยงได้ 
อันเนื่องจากการกระทำหรืองดเว้นการกระทำอย่างหนึ่ง
อย่างใดของหน่วยงานทางปกครองหรือเจ้าหน้าที่ของรัฐ 
หรือมีข้อโต้แย้งเกี่ยวกับสัญญาทางปกครองหรือกรณีอื่นใด
ที่อยู่ในเขตอำนาจของศาลปกครอง และการแก้ไขหรือ
บรรเทาความเดือดร้อนหรือความเสียหายหรือยุติข้อโต้แย้งนั้นศาลต้องมีคำบังคับ"
,,,,,,,,,,,,,,,,,,"การพิจารณาคดีของศาลปกครองสูงสุดกรณีเป็นการฟ้องโดยตรงต่อศาลปกครองสูงสุด 
มีกระบวนวิธีพิจารณาคดีอย่างไร","เมื่อผู้ฟ้องคดียื่นคำฟ้องต่อศาล และศาลมีคำสั่งรับคำฟ้องไว้พิจารณาแล้ว ศาลจะแสวงหาข้อเท็จจริงโดยใช้ระบบไต่สวน 
เพื่อเปิดโอกาสให้คู่กรณีทุกฝ่ายได้เสนอข้ออ้างและข้อโต้แย้ง
ของตนและแสวงหาข้อเท็จจริงที่จำเป็นแก่การพิจารณาคดี
ตามที่เห็นสมควร เมื่อศาลเห็นว่าข้อเท็จจริงเพียงพอที่จะพิจารณาได้แล้วก็จะกำหนดวันสิ้นสุดการแสวงหาข้อเท็จจริง และส่งสำนวนคดีให้กับตุลาการผู้แถลงคดีจัดทำคำแถลงการณ์ เมื่อตุลาการผู้แถลงคดีส่งคำแถลงการณ์ให้กับองค์คณะแล้ว 
ศาลก็จะกำหนดวันนั่งพิจารณาคดีครั้งแรกและส่งสรุปข้อเท็จจริงของตุลาการเจ้าของสำนวนให้คู่กรณีทราบล่วงหน้า เมื่อศาลนั่งพิจารณาคดีครั้งแรกเสร็จแล้วก็จะมีคำพิพากษาและแจ้งให้คู่กรณีมาฟังคำพิพากษาต่อไป"
,,,,,,,,,,,,,,,,,,คดีที่จะยื่นฟ้องต่อศาลปกครองสูงสุดได้ในปัจจุบันมีคดีประเภทใดบ้าง,"1) คดีพิพาทเกี่ยวกับความชอบด้วยกฎหมายของ
พระราชกฤษฎีกาหรือกฎที่ออกโดยคณะรัฐมนตรีหรือโดยความเห็นชอบของคณะรัฐมนตรี 2) คดีที่มีกฎหมายกำหนดให้อยู่ในอำนาจศาลปกครองสูงสุด เช่น คดีเพิกถอนคำวินิจฉัยอุทธรณ์ของคณะกรรมการพิทักษ์ระบบคุณธรรม (ก.พ.ค.) ตามมาตรา 116 ของพระราชบัญญัติระเบียบข้าราชการพลเรือน พ.ศ. 2551 คดีเพิกถอนคำวินิจฉัยอุทธรณ์ของคณะกรรมการพิทักษ์ระบบคุณธรรมข้าราชการตำรวจ (ก.พ.ค.ตร.) ตามมาตรา 142 วรรคสอง ของพระราชบัญญัติตำรวจแห่งชาติ พ.ศ. 2565 
เป็นต้น"
,,,,,,,,,,,,,,,,,,"กรณีที่ศาลปกครองชั้นต้นมีคำพิพากษาแล้ว การอุทธรณ์ คำพิพากษาต้องดำเนินการ
อย่างไร","กรณีที่ศาลปกครองชั้นต้นมีคำพิพากษาแล้ว หากคู่กรณีไม่พอใจสามารถที่จะยื่นอุทธรณ์คัดค้านคำพิพากษาได้ ภายใน 
30 วัน นับแต่วันที่ศาลปกครองชั้นต้นได้มีคำพิพากษานั้น 
โดยจะต้องยื่นอุทธรณ์ต่อศาลปกครองชั้นต้นที่มีคำพิพากษา
ดังกล่าว และไม่สามารถขอให้ศาลขยายระยะเวลาการยื่นอุทธรณ์คำพิพากษาได้"
,,,,,,,,,,,,,,,,,,"การอุทธรณ์คำสั่งศาลปกครองชั้นต้นที่
ไม่รับคำฟ้องไว้พิจารณา คำสั่งจำหน่ายคดี
ออกจากสารบบความโดยไม่มีการวินิจฉัย
ชี้ขาดคดี คำสั่งลงโทษฐานละเมิดอำนาจศาลหรือคำสั่งอื่นที่ไม่ต้องห้ามอุทธรณ์ระหว่างพิจารณา ต้องดำเนินการอย่างไร",ผู้ฟ้องคดีสามารถที่จะยื่นคำร้องอุทธรณ์คำสั่งศาลปกครองชั้นต้นในกรณีดังกล่าวต่อศาลปกครองสูงสุดได้ภายใน 30 วัน นับแต่วันที่ได้รับแจ้งคำสั่งของศาลปกครองชั้นต้นนั้น โดยจะต้องยื่นคำร้องอุทธรณ์คำสั่งต่อศาลปกครองชั้นต้นที่มีคำสั่งนั้น ซึ่งสามารถขอให้ศาลขยายระยะเวลาการยื่นอุทธรณ์คำสั่งได้
,,,,,,,,,,,,,,,,,,การจัดทำคำอุทธรณ์คำพิพากษาหรือคำร้องอุทธรณ์คำสั่งไม่รับคำฟ้องไว้พิจารณาจะต้องดำเนินการอย่างไร,"คำอุทธรณ์จะต้องจัดทำเป็นหนังสือและใช้ถ้อยคำสุภาพและต้องมีรายละเอียดดังนี้
1) ชื่อที่อยู่ของผู้อุทธรณ์และชื่อคู่กรณีในอุทธรณ์
2) ข้อคัดค้านคำพิพากษาหรือคำสั่งของศาลปกครองชั้นต้น
3) คำขอของผู้อุทธรณ์
4) ลายมือชื่อผู้อุทธรณ์"
,,,,,,,,,,,,,,,,,,การร้องสอดในคดีปกครองคืออะไร,"การร้องสอด คือ การที่บุคคลภายนอกซึ่งมิได้เป็นคู่กรณีใน
ศาลปกครองมาแต่แรก ได้เข้ามาเป็นคู่กรณีภายหลังจากที่มีคดีอยู่ในศาลปกครองแล้ว ทั้งนี้ พระราชบัญญัติจัดตั้งศาลปกครองและวิธีพิจารณาคดีปกครอง พ.ศ. 2542 มาตรา 44 ได้กำหนดหลักเกณฑ์และวิธีการดำเนินการร้องสอดในศาลปกครองไว้ในระเบียบของที่ประชุมใหญ่ตุลาการในศาลปกครองสูงสุด ว่าด้วยวิธีพิจารณาคดีปกครอง พ.ศ. 2543 ในข้อ 78 ซึ่งได้กำหนดให้นำความในมาตรา 57 และมาตรา58 แห่งประมวลกฎหมายวิธีพิจารณาความแพ่งมาบังคับใช้โดยอนุโลม"
,,,,,,,,,,,,,,,,,,การร้องสอดมีกี่กรณี อะไรบ้าง,การร้องสอดมี 2 กรณี ได้แก่ การร้องสอดด้วยความสมัครใจและการร้องสอดโดยศาลมีหมายเรียกให้เข้ามาคดี
,,,,,,,,,,,,,,,,,,กรณีที่บุคคลภายนอกซึ่งไม่ใช่คู่กรณีในคดียื่นคำร้องขอเข้ามาในคดีโดยการร้องสอด ศาลปกครองต้องอนุญาตให้บุคคลดังกล่าวเข้ามาในคดีด้วยการร้องสอดทุกกรณี หรือไม่,ศาลปกครองมีดุลพินิจที่จะพิจารณาว่า การยื่นคำร้องขออนุญาตเข้าเป็นผู้ร้องสอด มีเหตุอันควรและความจำเป็นที่จะต้องอนุญาตตามคำร้อง หรือไม่ โดยศาลปกครองจะพิจารณาอนุญาตได้ต่อเมื่อปรากฏว่าเป็นการจำเป็นเพื่อยังให้ได้รับความรับรองคุ้มครอง หรือบังคับตามสิทธิของตนที่มีอยู่ หรือผู้ร้องสอดมีส่วนได้เสียตามกฎหมายในผลแห่งคดีนั้น แต่หากศาลปกครองชั้นต้นได้ดำเนินการแสวงหาข้อเท็จจริงและพยานหลักฐานที่จำเป็นแก่การวินิจฉัยคดีจนเกือบจะครบถ้วนแล้ว การรับคำร้องสอดของผู้ร้องและกำหนดให้ผู้ร้องเป็นคู่ความฝ่ายที่สามย่อมทำให้ศาลปกครองชั้นต้นต้องเริ่มต้นกระบวนพิจารณาใหม่ซึ่งมีแต่จะทำให้การพิจารณาคดีล่าช้าจึงไม่มีเหตุอันควรและความจำเป็นที่จะอนุญาตให้ร้องสอดเข้ามาในคดี
,,,,,,,,,,,,,,,,,,บุคคลทั่วไป  ข้าราชการ พนักงาน ลูกจ้างของหน่วยงานของรัฐจะเป็นผู้รับมอบอำนาจให้ดำเนินคดีปกครองแทนคู่กรณีได้หรือไม่,"คู่กรณีในคดีปกครองซึ่งเป็นบุคคลธรรมดา หรือนิติบุคคลอาจมอบอำนาจให้ทนายความหรือ		บุคคลอื่นซึ่งบรรลุนิติภาวะแล้วและมีความสามารถที่อาจดำเนินการแทนผู้มอบอำนาจได้     สำหรับคู่กรณีซึ่งเป็นหน่วยงานทางปกครองหรือเจ้าหน้าที่ของรัฐ อาจมอบอำนาจให้ ข้าราชการ พนักงานหรือลูกจ้าง แล้วแต่กรณี ของหน่วยงานทางปกครองนั้น หรือหน่วยงานทางปกครองที่เจ้าหน้าที่ของรัฐนั้นสังกัดอยู่ หรือพนักงานอัยการฟ้องคดีหรือดำเนินคดีปกครองแทนได้ (พระราชบัญญัติจัดตั้งศาลปกครองและวิธีพิจารณาคดีปกครอง พ.ศ. 2542 มาตรา 45 วรรคท้าย ประกอบกับระเบียบที่ของประชุมใหญ่ตุลาการในศาลปกครองสูงสุด ว่าด้วยองค์คณะ การจ่ายสำนวน การโอนคดี การปฏิบัติหน้าที่ของตุลาการในคดีปกครอง การคัดค้านตุลาการศาลปกครอง การปฏิบัติหน้าที่ของพนักงานคดีปกครองและการมอบอำนาจให้ดำเนินคดีปกครองแทน 
พ.ศ. 2544 ข้อ 20)"
,,,,,,,,,,,,,,,,,,หนังสือมอบอำนาจให้บุคคลคนเดียวหรือหลายคนกระทำการครั้งเดียว ต้องปิดอากรแสตมป์ อย่างไร,"การมอบอำนาจให้บุคคลคนเดียวหรือหลายคนกระทำการ
ครั้งเดียว ต้องปิดอากรแสตมป์ 10  บาท ผู้ที่ต้องเสียอากร คือ 
ผู้มอบอำนาจ ผู้ที่ต้องขีดฆ่าอากร คือ ผู้รับมอบอำนาจ 
(มาตรา 104 แห่งประมวลรัษฎากร)"
,,,,,,,,,,,,,,,,,,หนังสือมอบอำนาจให้บุคคลคนเดียวหรือหลายคนร่วมกระทำการมากกว่าหนึ่งครั้ง ต้องปิดอากรแสตมป์ จำนวนเท่าไร,การมอบอำนาจให้บุคคลคนเดียวหรือหลายคนร่วมกระทำการมากกว่าครั้งเดียว ต้องปิด อากรแสตมป์ 30 บาท ผู้ที่ต้องเสียอากร คือ ผู้มอบอำนาจ ผู้ที่ต้องขีดฆ่าอากร คือ ผู้รับมอบอำนาจ (มาตรา 104 แห่งประมวลรัษฎากร)
,,,,,,,,,,,,,,,,,,กรณีผู้มอบอำนาจมีหลายคนแต่มิได้เป็นผู้มีอำนาจร่วมกันแล้วมอบอำนาจในตราสารฉบับเดียวกัน ต้องปิดอากรแสตมป์ จำนวนเท่าไร,การมอบอำนาจที่มีผู้มอบอำนาจหลายคน การปิดอากรต้องปิดอากรแสตมป์ตามรายตัว บุคคลผู้มอบคนหนึ่งเป็นเรื่องหนึ่ง (มาตรา 108 แห่งประมวลรัษฎากร)
,,,,,,,,,,,,,,,,,,การมอบอำนาจของบุคคลผู้กระทำการในนามของรัฐ หรือหน่วยงานทางปกครองแล้วแต่กรณี ต้องปิดอากรแสตมป์หรือไม่,ถ้าฝ่ายที่ต้องเสียอากรเป็นรัฐบาล เจ้าพนักงานผู้กระทำงานของรัฐโดยหน้าที่ บุคคลผู้กระทำ การในนามของรัฐบาล องค์การบริหารส่วนท้องถิ่น สภากาชาดไทย วัดวาอาราม และองค์การศาสนาใดๆ ในราชอาณาจักรซึ่งเป็นนิติบุคคล อากรเป็นอันไม่ต้องเสีย แต่ข้อยกเว้นนี้มิให้ใช้แก่องค์การของรัฐบาลที่ใช้ทุนหรือทุนหมุนเวียนเพื่อประกบการพาณิชย์ หรือการพาณิชย์ซึ่งองค์การบริหารราชการส่วนท้องถิ่นเป็นผู้จัดทำ (มาตรา 121 แห่งประมวลรัษฎากร)
,,,,,,,,,,,,,,,,,,การมอบฉันทะให้ยื่นเอกสารหรือพยานหลักฐานต่อศาลต้องมีพยานลงลายมือชื่อรับรองกี่คน,"การมอบฉันทะให้ผู้อื่นยื่นเอกสารหรือพยานหลักฐานต่อศาล 
ให้ทำเป็นหนังสือลงลายมือชื่อ ผู้มอบ ผู้รับมอบ และพยาน 
(ข้อ 13 แห่งระเบียบของที่ประชุมใหญ่ตุลาการในศาลปกครองสูงสุด ว่าด้วยวิธีพิจารณาคดีปกครอง พ.ศ. 2543) (พยานลงลายมือชื่อรับรองเอกสารอย่างน้อยหนึ่งคนถือว่าชอบด้วยกฎหมาย)"
,,,,,,,,,,,,,,,,,,"อัตราค่าธรรมเนียมศาลที่ผู้ฟ้องคดีปกครองต้องชำระ มีอัตราเท่าไร (คดีที่มีค่าธรรมเนียมศาลจะเป็นคดีที่อยู่ในอำนาจศาลปกครองชั้นต้นตามมาตรา 9 วรรคหนึ่ง (3),(4) แห่งพระราชบัญญัติจัดตั้งศาลปกครองฯ และการวางค่าธรรมเนียมศาลก็จะต้องวางต่อศาลปกครองชั้นต้นเช่นเดียวกัน","กรณีที่ต้องชำระค่าธรรมเนียมศาลนั้น มาตรา 45 วรรค 4 แห่งพระราชบัญญัติจัดตั้งศาลปกครองฯ กำหนดให้เสียค่าธรรมเนียมศาลในอัตราตามที่ระบุไว้ในตาราง 1 ท้ายประมวลกฎหมายวิธีพิจารณาความแพ่ง สำหรับคดีที่มี
คำขอให้ปลดเปลื้องทุกข์อันอาจคำนวณเป็นราคาเงินได้ ดังนี้
- ทุนทรัพย์ไม่เกิน 50 ล้านบาท ต้องชำระค่าธรรมเนียมศาลในอัตราร้อยละ 2 แต่ไม่เกินสองแสนบาท
- ทุนทรัพย์ส่วนที่เกิน 50 ล้านบาทขึ้นไป ต้องชำระค่าธรรมเนียมศาลในอัตราร้อยละ 0.1"
,,,,,,,,,,,,,,,,,,"กรณีที่ผู้ฟ้องคดีหลายคนฟ้องคดีรวมกัน
โดยมีคำขอค่าเสียหายในส่วนของแต่ละคน
ไม่เท่ากัน  คิดค่าธรรมเนียมศาลอย่างไร","กรณีที่ผู้ฟ้องคดีหลายคนฟ้องรวมกันมาเป็นคดีเดียวกันโดยมีค่าเสียหายแต่ละคนไม่เท่ากัน การคิดคำนวณทุนทรัพย์ 
ต้องคิดแยกกันตามความเสียหายตามความประสงค์ของแต่ละคนที่ได้ยื่นคำขอมาท้ายคำฟ้อง ทั้งนี้ ตามข้อ 34 วรรคสอง แห่งระเบียบของที่ประชุมใหญ่ตุลาการในศาลปกครองสูงสุด ว่าด้วยวิธีพิจารณาคดีปกครอง พ.ศ. 2543 ที่กำหนดไว้ว่าในกรณีที่ผู้ฟ้องคดีหลายคนร่วมกันยื่นคำฟ้องเป็นฉบับเดียวกัน หากเป็นกรณีที่อาจแบ่งแยกได้ว่า ทุนทรัพย์ของผู้ฟ้องคดีแต่ละคนเป็นจำนวนเท่าใด ให้ผู้ฟ้องคดีแต่ละคนชำระค่าธรรมเนียมศาลตามส่วนของตน"
,,,,,,,,,,,,,,,,,,กรณีที่มีการอุทธรณ์คำพิพากษาต้องเสียค่าธรรมเนียมศาลในชั้นอุทธรณ์อย่างไร,"ในการอุทธรณ์คำพิพากษาคดีที่มีทุนทรัพย์ ผู้อุทธรณ์ฝ่ายที่
ไม่พอใจในผลคำพิพากษา จะต้องจ่ายค่าธรรมเนียมศาลในชั้นอุทธรณ์นั้น ถ้าคดีมีทุนทรัพย์ในชั้นอุทธรณ์เป็นอย่างเดียวกับในศาลปกครองชั้นต้น ผู้อุทธรณ์ต้องเสียทุนทรัพย์เช่นเดียวกับในศาลปกครองชั้นต้น แต่ถ้าผู้อุทธรณ์ได้รับความพอใจบางส่วนแล้ว และทุนทรัพย์ในชั้นอุทธรณ์ต่ำกว่าในศาลปกครองชั้นต้น ให้ผู้อุทธรณ์เสียค่าธรรมเนียมศาลในชั้นอุทธรณ์ตามทุนทรัพย์ที่ต่ำนั้น"
,,,,,,,,,,,,,,,,,,ถ้าผู้ฟ้องคดีต้องการขอดำเนินคดีโดยยกเว้นค่าธรรมเนียมศาลต้องยื่นเมื่อใด,"คู่กรณีฝ่ายใดที่มีความจำนงจะดำเนินคดีโดยได้รับยกเว้นค่าธรรมเนียมศาล ให้ยื่นคำขอให้ยกเว้นค่าธรรมเนียมศาลโดยทำเป็นคำร้องต่อศาลปกครองชั้นต้นพร้อมกับคำฟ้องหรือ
คำอุทธรณ์ และถ้าคู่กรณีมิได้ยื่นคำขอพร้อมกับคำฟ้องหรือ
คำอุทธรณ์ ก็อาจยื่นคำขอให้ยกเว้นค่าธรรมเนียมศาลต่อศาลปกครองชั้นต้นในภายหลังได้ (ข้อ ๔๑/๒ แห่งระเบียบของที่ประชุมใหญ่ตุลาการในศาลปกครองสูงสุด ว่าด้วยวิธีพิจารณาคดีปกครอง พ.ศ. ๒๕๔๓)"
,,,,,,,,,,,,,,,,,,คดีพิพาทเกี่ยวกับคำวินิจฉัยของ ก.พ.ค. ต้องยื่นฟ้องต่อศาลปกครองชั้นต้น หรือศาลปกครองสูงสุด ,"คดีพิพาทเกี่ยวกับคำวินิจฉัยของ ก.พ.ค. เป็นคดีที่กฎหมายกำหนดให้อยู่ในเขตอำนาจของศาลปกครองสูงสุดตามมาตรา 11 (3) แห่งพระราชบัญญัติจัดตั้งศาลปกครองและวิธีพิจารณาคดีปกครอง พ.ศ. 2542 ประกอบ มาตรา 116 
วรรคสอง แห่งพระราชบัญญัติระเบียบข้าราชการพลเรือน พ.ศ. 2551 แต่จะต้องดำเนินการตามมาตรา 114 วรรคแรก แห่งพระราชบัญญัติระเบียบข้าราชการพลเรือน พ.ศ. 2551 เสียก่อน กล่าวคือ ผู้ที่ถูกสั่งลงโทษตามพระราชบัญญัตินี้หรือถูกสั่งให้ออกจากราชการตามมาตรา 110 (1) (3) (5) (6) (7) และ (8) ต้องอุทธรณ์ต่อ ก.พ.ค. ภายในสามสิบวันนับแต่วันทราบหรือถือว่าทราบ หากไม่พอใจคำวินิจฉัยอุทธรณ์ของ ก.พ.ค. ก็สามารถยื่นฟ้องต่อศาลปกครองสูงสุดได้ ภายใน
เก้าสิบวันนับแต่วันที่ทราบหรือถือว่าทราบคำวินิจฉัยของ ก.พ.ค."
,,,,,,,,,,,,,,,,,,"ในกรณีที่ศาลปกครองได้มีคำพิพากษาหรือสั่งชี้ขาดคดีปกครองเสร็จเด็ดขาดแล้ว 
แต่คู่กรณี หรือบุคคลภายนอกผู้มีส่วนได้เสีย ที่ประสงค์จะยื่นคำร้องขอให้ศาลปกครองพิจารณาคดีใหม่ จะต้องทำอย่างไร","คู่กรณีหรือบุคคลภายนอกผู้มีส่วนได้เสีย ต้องยื่นคำขอเป็นหนังสือลงลายมือชื่อของตนต่อศาลปกครองสูงสุดสำหรับคดีฟ้องตรง หรือยื่นคำขอดังกล่าวต่อศาลปกครองชั้นต้นที่มี
คำพิพากษาสำหรับคดีอุทธรณ์ พร้อมระบุเหตุแห่งการขอให้ศาลปกครองพิจารณาพิพากษาคดีใหม่ ตามมาตรา 75 แห่งพระราชบัญญัติจัดตั้งศาลปกครองและวิธีพิจารณาคดีปกครอง พ.ศ. 2542 ทั้งนี้ ผู้ยื่นจะต้องยื่นคำขอภายในเก้าสิบวันนับแต่วันที่รู้เหตุนั้น แต่ไม่เกินห้าปีนับแต่ศาลปกครองได้มีคำพิพากษาหรือคำสั่งชี้ขาด"
,,,,,,,,,,,,,,,,,,"กรณีที่มีการยื่นฟ้องคดีต่อศาลปกครองแล้ว ต่อมาคู่กรณีฝ่ายหนึ่งถึงแก่ความตายก่อนศาลปกครองพิพากษาคดี ทายาท ฯลฯ หรือผู้มีส่วนได้เสียจะมีคำขอเข้ามาแทนที่
ผู้ฟ้องคดีที่ถึงแก่ความตาย ได้ทันที หรือไม่ นั้น (คู่ความมรณะ)",จะต้องยื่นคำขอต่อศาลปกครองที่คดีอยู่ระหว่างพิจารณา โดยขอเข้ามาภายในหนึ่งปี นับแต่วันที่คู่กรณีผู้นั้นถึงแก่ความตาย โดยจะเป็นกรณีทายาท ผู้จัดการมรดก ผู้ปกครองทรัพย์มรดก หรือผู้สืบสิทธิจะยื่นคำขอเข้ามาเอง หรือโดยที่ศาลมีหมายเรียกให้เข้ามาเนื่องจากคู่กรณีฝ่ายใดฝ่ายหนึ่งมีคำขอก็ได้ ตามมาตรา 53 แห่งพระราชบัญญัติจัดตั้งศาลปกครองและวิธีพิจารณาคดีปกครอง พ.ศ.2542 โดยคำขอเช่นว่านี้ จะต้องทำเป็นหนังสือและต้องมีรายการหรือสำเนาพยานหลักฐานประกอบ คำขอให้ครบถ้วนถูกต้อง โดยจะยื่นด้วยตนเองหรือมอบฉันทะให้ผู้อื่นยื่นต่อศาลหรือพนักงานเจ้าหน้าที่ของศาล หรือจะทำโดยวิธีการส่งทางไปรษณีย์ลงทะเบียน หรือส่งผ่านระบบงานคดีปกครองอิเล็กทรอนิกส์ก็ได้
,,,,,,,,,,,,,,,,,,การยื่นคำอุทธรณ์คำพิพากษาศาลปกครองชั้นต้น,"ผู้อุทธรณ์ต้องยื่นคำอุทธรณ์ต่อศาลปกครองชั้นต้นที่มี
คำพิพากษา โดยยื่นต่อพนักงาน เจ้าหน้าที่ของศาลปกครองชั้นต้นนั้น หรือส่งคำอุทธรณ์ทางไปรษณีย์ลงทะเบียนไปยัง
ศาลปกครองชั้นต้นดังกล่าว หรือยื่นผ่านระบบงานคดีปกครองอิเล็กทรอนิกส์ก็ได้"
,,,,,,,,,,,,,,,,,,การอุทธรณ์คำสั่งศาลปกครองชั้นต้น,ผู้อุทธรณ์ต้องยื่นคำร้องอุทธรณ์คำสั่งต่อศาลปกครองชั้นต้น โดยยื่นต่อพนักงาน เจ้าหน้าที่ของศาลปกครองชั้นต้นนั้น หรือส่งคำอุทธรณ์ทางไปรษณีย์ลงทะเบียนไปยังศาลปกครองชั้นต้นดังกล่าว หรือยื่นผ่านระบบงานคดีปกครองอิเล็กทรอนิกส์ก็ได้
,,,,,,,,,,,,,,,,,,ระยะเวลาการอุทธรณ์คำสั่งศาลปกครองชั้นต้น,"การอุทธรณ์คำสั่งของศาลปกครองชั้นต้น คู่กรณีหรือผู้มีส่วนได้เสียมีสิทธิยื่นคำร้องอุทธรณ์คำสั่ง ภายในสามสิบวันนับแต่วันที่ได้รับแจ้งคำสั่ง การอุทธรณ์คำสั่งยกเว้นค่าธรรมเนียมศาลเฉพาะบางส่วนหรือคำสั่งยกคำขอยกเว้นค่าธรรมเนียมศาล 
ผู้ยื่นคำขอจะต้องยื่นคำร้องอุทธรณ์คำสั่งดังกล่าวภายในสิบห้าวันนับแต่วันที่ได้รับแจ้งคำสั่งศาล"
,,,,,,,,,,,,,,,,,,บุคคลใดมีสิทธิยื่นคำร้องขอตรวจสำนวนคดีและขอคัดถ่ายเอกสารในสำนวนคดี,"ในการตรวจดูเอกสารหลักฐานในสำนวนคดี ศาลปกครองจะอนุญาตให้เฉพาะคู่กรณีเท่านั้น ที่มีสิทธิขอตรวจดูพยาน
หลักฐานที่แต่ละฝ่ายได้ยื่นไว้ในสำนวน และสามารถขอคัดสำเนาเอกสารได้ และศาลอาจส่งสำเนาให้คู่กรณีก็ได้ สำหรับบุคคลภายนอก จะต้องเป็นพยานหรือ ผู้มีส่วนได้เสีย และจะขอตรวจหรือคัดสำเนาได้เฉพาะในส่วนที่เกี่ยวข้องกับตนในคดีเท่านั้น "
,,,,,,,,,,,,,,,,,,เอกสารในสำนวนคดีประเภทใด ที่ต้องห้ามไม่ให้คู่กรณีขอตรวจหรือคัดสำเนาเอกสาร,"คู่กรณี พยาน หรือบุคคลภายนอก ไม่อาจขอตรวจดูหรือขอ
คัดสำเนาเอกสารที่พนักงาน เจ้าหน้าที่ของศาล พนักงานคดีปกครอง ตุลาการเจ้าของสำนวน ตุลาการผู้แถลงคดี หรือศาล
จัดทำขึ้นเพื่อใช้เป็นการภายใน และไม่อาจขอสำเนาอันรับรองถูกต้องของเอกสารนั้นได้"
,,,,,,,,,,,,,,,,,,การยื่นคำร้องขอตรวจสำนวน ผู้ยื่นต้องทำอย่างไร,ผู้ที่มีความประสงค์จะขอตรวจสำนวนคดีหรือขอคัดถ่ายเอกสารในสำนวนคดี จะต้องทำเป็น หนังสือลงลายมือชื่อ ระบุรายละเอียดหรือข้อเท็จจริง ประกอบการพิจารณา อย่างน้อยต้องได้ความว่าผู้ร้องมีฐานะใด และมีความประสงค์จะขอตรวจสำนวนคดีใด และหากประสงค์จะคัดถ่ายเอกสารในคดี จะต้องระบุชื่อเอกสาร และลำดับที่เอกสารในสำนวนคดีให้ชัดเจน เพื่อให้ศาลพิจารณาอนุญาตต่อไป
,,,,,,,,,,,,,,,,,,คำร้อง ขอเปลี่ยนชื่อ ที่อยู่,"กรณีผู้ฟ้องคดี ผู้แทนผู้ฟ้องคดี ผู้ถูกฟ้องคดี ผู้รับมอบอำนาจ
ผู้ฟ้องคดีหรือผู้ถูกฟ้องคดี หรือ คู่กรณีในคดีที่อยู่ระหว่างพิจารณาคดีของศาล หากบุคคลดังกล่าวได้มีการเปลี่ยนแปลง
ชื่อ ชื่อสกุล หรือที่อยู่ ในการติดต่อกับศาล สามารถทำคำร้องยื่นต่อศาลเพื่อแจ้งการเปลี่ยนแปลงข้อมูลได้ โดยผู้ร้องอาจยื่นเป็นหนังสือหรือคำเป็นคำร้อง (ค.2) ระบุว่า คำร้องขอเปลี่ยนชื่อ ชื่อสกุล หรือที่อยู่ และระบุเลขคดี คู่กรณีในคดี พร้อมทั้งระบุชื่อ สกุล หรือที่อยู่เดิม แล้วระบุความต้องการที่จะเปลี่ยนเป็น ชื่อ ชื่อสกุลหรือที่อยู่ใหม่ โดยจะต้องแนบสำเนาพยานหลักฐาน ในกรณีเปลี่ยนชื่อ หรือ ชื่อสกุล"
,,,,,,,,,,,,,,,,,,เมื่อคู่กรณีมีความประสงค์ที่จะขอให้ศาลเรียกพยานหลักฐานเพิ่มเติมเข้ามาในคดี จะต้องดำเนินการอย่างไร,การขอให้ศาลเรียกพยานหลักฐานเพิ่มเติมเข้ามาในคดีนั้น คู่กรณีต้องจัดทำเป็นคำร้องยื่นต่อศาล โดยระบุรายละเอียดแห่งคดีที่เกี่ยวข้องให้ครบถ้วน พร้อมทั้งแสดงเหตุผลหรือวัตถุประสงค์ในการขอให้ศาลเรียกพยานเพิ่มเติมเข้าในคดีดังกล่าวให้ชัดแจ้ง โดยใช้ถ้อยคำสุภาพ และลงลายมือชื่อผู้ยื่นคำร้องส่วนการพิจารณาว่าจะเรียกพยานหลักฐานเพิ่มเติมเข้ามาในคดีตามคำร้องนั้น เป็นดุลพินิจของศาล โดยศาลจะพิจารณาถึงเหตุผลและความจำเป็นที่ต้องเรียกพยานหลักฐานเข้ามาเพื่อประกอบการวินิจฉัย ตามข้อ 50 แห่งระเบียบของที่ประชุมใหญ่ตุลาการในศาลปกครองสูงสุด ว่าด้วยวิธีพิจารณาคดีปกครอง พ.ศ. 2543
,,,,,,,,,,,,,,,,,,ผู้ที่มีสิทธิสอบถามความเคลื่อนไหวในคดี,ผู้ที่มีสิทธิสอบถามความเคลื่อนไหวในคดี ได้แก่ คู่กรณีในคดี (ผู้ฟ้องคดี ผู้ถูกฟ้องคดี ผู้ร้องสอด) ผู้รับมอบอำนาจของคู่กรณี ผู้รับมอบฉันทะของคู่กรณีในคดี และบุคคลภายนอกที่ศาลสั่งให้เป็น  ผู้มีส่วนได้เสียในคดีที่สามารถสอบถามความเคลื่อนไหวในคดีได้
,,,,,,,,,,,,,,,,,,วิธีการยื่นคำร้องขอสอบถามความเคลื่อนไหวในคดี,การยื่นคำร้องควรทำเป็นหนังสือ ระบุว่า “คำร้องสอบถามความเคลื่อนไหวในคดี....” ควร ระบุวันที่ในคำร้อง ชื่อและที่อยู่ของผู้ฟ้องคดีหรือผู้ถูกฟ้องคดี พร้อมทั้งระบุเหตุผลและวัตถุประสงค์ในการสอบถามความเคลื่อนไหวคดี โดยผู้ยื่นคำร้องจะยื่นคำร้องด้วยตนเองหรือจะยื่นโดยวิธีส่งทางไปรษณีย์ลงทะเบียน หรือระบบงานคดีปกครองอิเล็กทรอนิกส์ก็ได้
,,,,,,,,,,,,,,,,,,การยื่นคำร้องขอเร่งรัดการพิจารณาคดี,"ในระหว่างการพิจารณาคดี หากคู่กรณีฝ่ายใดฝ่ายหนึ่งเห็นว่า
การพิจารณาของศาลปกครองล่าช้าทำให้ตนเองได้รับความเสียหาย คู่กรณีฝ่ายนั้นสามารถยื่นคำร้องขอเร่งรัดการพิจารณาคดีต่อศาลปกครองได้ โดยทำเป็นคำร้องต่อศาลปกครอง ทั้งนี้ คำร้องจะต้องระบุรายละเอียดของคดีผู้ฟ้องคดี ผู้ถูกฟ้องคดี พร้อมทั้งแจ้งความประสงค์ในการการยื่นเอกสารให้ชัดเจนว่ามีความประสงค์ใด และต้องใช้คำสุภาพ พร้อมทั้งลงลายมือชื่อผู้ยื่นคำร้อง"
,,,,,,,,,,,,,,,,,,วิธีการยกเลิกการมอบอำนาจหรือถอนผู้รับมอบอำนาจในคดีปกครอง,การมอบอำนาจที่สมบูรณ์นั้นจะดำรงอยู่จนกว่าจะสิ้นสุดลงตามเงื่อนไขหรือระยะเวลาที่กำหนดหรือเมื่อมีการยกเลิกการมอบอำนาจดังกล่าว และการยกเลิกการมอบอำนาจ จะต้องกระทำตามแบบที่กฎหมายกำหนดไว้เช่นเดียวกับการการมอบอำนาจด้วย ดังนั้น กรณีที่คู่กรณีฝ่ายใดประสงค์จะยกเลิกการมอบอำนาจหรือขอถอนผู้รับมอบอำนาจคนใด สามารถทำได้โดยจัดทำเป็นคำร้อง ขอถอนผู้รับมอบอำนาจต่อศาลปกครองที่พิจารณาคดีนั้นอยู่ ทั้งนี้ คำร้อง ให้ทำเป็นหนังสือระบุรายละเอียดให้ครบถ้วน พร้อมทั้งแสดงเหตุผลและวัตถุประสงค์ในการขอถอนผู้รับมอบอำนาจให้ชัดแจ้ง โดยใช้ถ้อยคำสุภาพ พร้อมลงลายมือชื่อผู้ยื่นคำร้อง
,,,,,,,,,,,,,,,,,,การยื่นคำร้องขอคัดค้านตุลาการ ในระหว่างการพิจารณาพิพากษาคดีปกครอง,"ในการดำเนินกระบวนพิจารณาคดีของศาลปกครอง คู่กรณี
ในคดีอาจยื่นคำขอคัดค้านตุลาการได้ เมื่อเห็นว่า ตุลาการ
ศาลปกครองมีเหตุแห่งการคัดค้านหรือเหตุอื่นใดอันมีสภาพ
ร้ายแรง ซึ่งอาจทำให้การพิจารณาพิพากษาคดีเสียความยุติธรรม ตามมาตรา 63 แห่งพระราชบัญญัติจัดตั้งศาลปกครองฯ และเมื่อคู่กรณีได้ยื่นคำร้องคัดค้านตุลาการแล้ว ตุลาการศาลปกครองก็จะดำเนินการเกี่ยวกับคำร้องดังกล่าว ตามระเบียบที่ประชุมใหญ่ฯ ว่าด้วยองค์คณะ การจ่ายสำนวน... การคัดค้านตุลาการศาลปกครองฯ พ.ศ. 2544"
,,,,,,,,,,,,,,,,,,"การกำหนดวันสิ้นสุดการแสวงหาข้อเท็จจริง 
มีเพื่ออะไร",การกำหนดวันสิ้นสุดการแสวงหาข้อเท็จจริง ก็เพื่อให้ศาลแจ้งให้คู่กรณีทราบว่า ข้อเท็จจริงที่ศาลแสวงหามานั้น เพียงพอที่ศาลจะได้นำมาใช้ในการวินิจฉัยชี้ขาดแล้ว โดยตุลาการหัวหน้าคณะจะมีคำสั่งให้วันหนึ่งวันใดเป็นวันสิ้นสุดการแสวงหาข้อเท็จจริง ตามข้อ 62 แห่งระเบียบของที่ประชุมใหญ่ตุลาการในศาลปกครองสูงสุด ว่าด้วยวิธีพิจารณาคดีปกครอง พ.ศ. 2543
,,,,,,,,,,,,,,,,,,การยื่นเอกสารเพิ่มเติมหลังวันสิ้นสุดการแสวงหาข้อเท็จจริงสามารถทำได้หรือไม่,"โดยทั่วไป คู่กรณีมีสิทธิที่จะยื่นเอกสารพยานหลักฐานต่อศาลได้จนถึงวันสิ้นสุดการแสวงหาข้อเท็จจริงเท่านั้น สำหรับกรณี
ที่มีการยื่นเอกสารพยานหลักฐานเพิ่มเติมหลังวันสิ้นสุด
การแสวงหาข้อเท็จจริง นั้น อาจกระทำได้ เมื่อศาลเห็นว่า
ข้อเท็จจริงที่จะเสนอเป็นประเด็นสำคัญในคดี และมีเหตุจำเป็น
ที่ไม่อาจเสนอต่อศาลได้ก่อนหน้านั้นตามข้อ 84 วรรคสอง 
แห่งระเบียบของที่ประชุมใหญ่ตุลาการในศาลปกครองสูงสุด 
ว่าด้วยวิธีพิจารณาคดีปกครอง พ.ศ. 2543 โดยจะยื่นได้อย่างช้าที่สุดในระหว่างการนั่งพิจารณาฯ ตามข้อ 84 วรรคหนึ่ง ของระเบียบเดียวกัน"
